Timestamp,Heart Rate,Latitude,Longitude,Altitude,Speed(m/s),Sport Mode
2025-04-14 12:47:14,95,33.423717676018,-111.93959632563052,368.8705907691497,-1.0,0
2025-04-14 12:47:15,95,33.423717676018,-111.93959632563052,368.8705907691497,-1.0,0
2025-04-14 12:47:16,94,33.423717676018,-111.93959632563052,368.8705907691497,-1.0,0
2025-04-14 12:47:17,92,33.423717676018,-111.93959632563052,368.8705907691497,-1.0,0
2025-04-14 12:47:18,91,33.423707723954415,-111.93946055999507,368.8705907691497,-1.0,0
2025-04-14 12:47:19,89,33.423707723954415,-111.93946055999507,368.8705907691497,-1.0,0
2025-04-14 12:47:20,87,33.423707723954415,-111.93946055999507,368.8705907691497,-1.0,0
2025-04-14 12:47:21,85,33.423707723954415,-111.93946055999507,368.8705907691497,-1.0,0
2025-04-14 12:47:22,84,33.423707723954415,-111.93946055999507,368.8705907691497,-1.0,0
2025-04-14 12:47:23,82,33.423707723954415,-111.93946055999507,368.8705907691497,-1.0,0
2025-04-14 12:47:24,81,33.4237169352823,-111.93947630241807,368.8705907691497,-1.0,0
2025-04-14 12:47:25,80,33.42373520593562,-111.93954199609205,368.8705907691497,-1.0,0
2025-04-14 12:47:26,79,33.42373520593562,-111.93954199609205,368.8705907691497,-1.0,0
2025-04-14 12:47:27,78,33.42373520593562,-111.93954199609205,368.8705907691497,-1.0,0
2025-04-14 12:47:28,77,33.42373520593562,-111.93954199609205,368.8705907691497,-1.0,0
2025-04-14 12:47:29,76,33.42373520593562,-111.93954199609205,368.8705907691497,-1.0,0
2025-04-14 12:47:30,75,33.42373520593562,-111.93954199609205,368.8705907691497,-1.0,0
2025-04-14 12:47:31,74,33.423735788658725,-111.93964212118793,368.8705907691497,-1.0,0
2025-04-14 12:47:32,73,33.423735788658725,-111.93964212118793,368.8705907691497,-1.0,0
2025-04-14 12:47:33,72,33.423735788658725,-111.93964212118793,368.8705907691497,-1.0,0
2025-04-14 12:47:34,72,33.423735788658725,-111.93964212118793,368.8705907691497,-1.0,0
2025-04-14 12:47:35,74,33.423735788658725,-111.93964212118793,368.8705907691497,-1.0,0
2025-04-14 12:47:36,78,33.423735788658725,-111.93964212118793,368.8705907691497,-1.0,0
2025-04-14 12:47:37,81,33.42373856029263,-111.93961655982429,368.8705907691497,-1.0,0
2025-04-14 12:47:38,84,33.423742079266226,-111.93968206916419,368.8705907691497,-1.0,0
2025-04-14 12:47:39,85,33.423742079266226,-111.93968206916419,368.8705907691497,-1.0,0
2025-04-14 12:47:40,85,33.423742079266226,-111.93968206916419,368.8705907691497,-1.0,0
2025-04-14 12:47:41,86,33.423742079266226,-111.93968206916419,368.8705907691497,-1.0,0
2025-04-14 12:47:42,87,33.423742079266226,-111.93968206916419,368.8705907691497,-1.0,0
2025-04-14 12:47:43,89,33.423742079266226,-111.93968206916419,368.8705907691497,-1.0,0
2025-04-14 12:47:44,91,33.42374436300566,-111.93970516699699,368.8705907691497,-1.0,0
2025-04-14 12:47:45,91,33.42374436300566,-111.93970516699699,368.8705907691497,-1.0,0
2025-04-14 12:47:46,92,33.42374436300566,-111.93970516699699,368.8705907691497,-1.0,0
2025-04-14 12:47:47,92,33.42374436300566,-111.93970516699699,368.8705907691497,-1.0,0
2025-04-14 12:47:48,92,33.42374436300566,-111.93970516699699,368.8705907691497,-1.0,0
2025-04-14 12:47:49,92,33.42374436300566,-111.93970516699699,368.8705907691497,-1.0,0
2025-04-14 12:47:50,94,33.423745215283304,-111.93966409378844,368.8705907691497,-1.0,0
2025-04-14 12:47:51,97,33.423740580459274,-111.93976482316754,368.8705907691497,-1.0,0
2025-04-14 12:47:52,101,33.423740580459274,-111.93976482316754,368.8705907691497,-1.0,0
2025-04-14 12:47:53,104,33.423740580459274,-111.93976482316754,368.8705907691497,-1.0,0
2025-04-14 12:47:54,106,33.423740580459274,-111.93976482316754,368.8705907691497,-1.0,0
2025-04-14 12:47:55,106,33.423740580459274,-111.93976482316754,368.8705907691497,-1.0,0
2025-04-14 12:47:56,105,33.423740580459274,-111.93976482316754,368.8705907691497,-1.0,0
2025-04-14 12:47:57,103,33.42373659111083,-111.93980933824469,368.8705907691497,-1.0,0
2025-04-14 12:47:58,102,33.42373659111083,-111.93980933824469,368.8705907691497,-1.0,0
2025-04-14 12:47:59,101,33.42373659111083,-111.93980933824469,368.8705907691497,-1.0,0
2025-04-14 12:48:00,99,33.42373498555937,-111.93984222837516,368.8705907691497,-1.0,0
2025-04-14 12:48:01,97,33.42373498555937,-111.93984222837516,368.8705907691497,-1.0,0
2025-04-14 12:48:02,96,33.42373498555937,-111.93984222837516,368.8705907691497,-1.0,0
2025-04-14 12:48:03,95,33.42373498555937,-111.93984222837516,368.8705907691497,-1.0,0
2025-04-14 12:48:04,94,33.42373498555937,-111.93984222837516,368.8705907691497,-1.0,0
2025-04-14 12:48:05,94,33.42373498555937,-111.93984222837516,368.8705907691497,-1.0,0
2025-04-14 12:48:06,94,33.42373498555937,-111.93984222837516,368.8705907691497,-1.0,0
2025-04-14 12:48:07,95,33.42371856369004,-111.93981409019796,368.8705907691497,-1.0,0
2025-04-14 12:48:08,95,33.423726481881374,-111.93987409703824,368.8705907691497,-1.0,0
2025-04-14 12:48:09,96,33.423726481881374,-111.93987409703824,368.8705907691497,-1.0,0
2025-04-14 12:48:10,99,33.423726481881374,-111.93987409703824,368.8705907691497,-1.0,0
2025-04-14 12:48:11,101,33.423726481881374,-111.93987409703824,368.8705907691497,-1.0,0
2025-04-14 12:48:12,103,33.423726481881374,-111.93987409703824,368.8705907691497,-1.0,0
2025-04-14 12:48:13,104,33.423726481881374,-111.93987409703824,368.8705907691497,-1.0,0
2025-04-14 12:48:14,104,33.423726481881374,-111.93987409703824,368.8705907691497,-1.0,0
2025-04-14 12:48:15,104,33.423726481881374,-111.93987409703824,368.8705907691497,-1.0,0
2025-04-14 12:48:16,102,33.423726481881374,-111.93987409703824,368.8705907691497,-1.0,0
2025-04-14 12:48:17,101,33.423726481881374,-111.93987409703824,368.8705907691497,-1.0,0
2025-04-14 12:48:18,100,33.423726481881374,-111.93987409703824,368.8705907691497,-1.0,0
2025-04-14 12:48:19,100,33.4237264079425,-111.93987485357019,363.72059076914974,-1.0,0
2025-04-14 12:48:20,100,33.4237264079425,-111.93987485357019,363.72059076914974,-1.0,0
2025-04-14 12:48:21,100,33.42372640147491,-111.93992130878004,360.71059076914975,-1.0,0
2025-04-14 12:48:22,100,33.42372640147491,-111.93992130878004,360.71059076914975,-1.0,0
2025-04-14 12:48:23,99,33.42372640147491,-111.93992130878004,360.71059076914975,-1.0,0
2025-04-14 12:48:24,99,33.42372640147491,-111.93992130878004,360.71059076914975,-1.0,0
2025-04-14 12:48:25,97,33.42372640147491,-111.93992130878004,360.71059076914975,-1.0,0
2025-04-14 12:48:26,96,33.42372640147491,-111.93992130878004,360.71059076914975,-1.0,0
2025-04-14 12:48:27,94,33.42372640147491,-111.93992130878004,360.71059076914975,-1.0,0
2025-04-14 12:48:28,93,33.42372640147491,-111.93992130878004,360.71059076914975,-1.0,0
2025-04-14 12:48:29,92,33.42372640147491,-111.93992130878004,360.71059076914975,-1.0,0
2025-04-14 12:48:30,91,33.42373387744463,-111.93992261722993,357.9805907691497,-1.0,0
2025-04-14 12:48:31,91,33.423733931783296,-111.93992262674033,357.9805907691497,-1.0,0
2025-04-14 12:48:32,93,33.42368354736036,-111.93986873059774,357.9805907691497,-1.0,0
2025-04-14 12:48:33,95,33.42368354736036,-111.93986873059774,357.9805907691497,-1.0,0
2025-04-14 12:48:34,97,33.42368354736036,-111.93986873059774,357.9805907691497,-1.0,0
2025-04-14 12:48:35,98,33.42368354736036,-111.93986873059774,357.9805907691497,-1.0,0
2025-04-14 12:48:36,98,33.42368354736036,-111.93986873059774,357.9805907691497,-1.0,0
2025-04-14 12:48:37,97,33.42368354736036,-111.93986873059774,357.9805907691497,-1.0,0
2025-04-14 12:48:38,96,33.423775861913676,-111.93987117790633,357.6205907691497,-1.0,0
2025-04-14 12:48:39,96,33.423775861913676,-111.93987117790633,357.6205907691497,-1.0,0
2025-04-14 12:48:40,97,33.423775861913676,-111.93987117790633,357.6205907691497,-1.0,0
2025-04-14 12:48:41,98,33.423775861913676,-111.93987117790633,357.6205907691497,-1.0,0
2025-04-14 12:48:42,98,33.423775861913676,-111.93987117790633,357.6205907691497,-1.0,0
2025-04-14 12:48:43,98,33.423775861913676,-111.93987117790633,357.6205907691497,-1.0,0
2025-04-14 12:48:44,97,33.42370172911943,-111.93938850160819,359.8105907691497,-1.0,0
2025-04-14 12:48:45,97,33.42370172911943,-111.93938850160819,359.8105907691497,-1.0,0
2025-04-14 12:48:46,98,33.42370046611357,-111.93937811797106,359.8105907691497,-1.0,0
2025-04-14 12:48:47,99,33.42370046611357,-111.93937811797106,359.8105907691497,-1.0,0
2025-04-14 12:48:48,100,33.42370046611357,-111.93937811797106,359.8105907691497,-1.0,0
2025-04-14 12:48:49,101,33.42370046611357,-111.93937811797106,359.8105907691497,-1.0,0
2025-04-14 12:48:50,101,33.42370046611357,-111.93937811797106,359.8105907691497,-1.0,0
2025-04-14 12:48:51,102,33.42370046611357,-111.93937811797106,359.8105907691497,-1.0,0
2025-04-14 12:48:52,101,33.42364758592784,-111.939122135431,361.9905907691497,-1.0,0
2025-04-14 12:48:53,100,33.42364758592784,-111.939122135431,361.9905907691497,-1.0,0
2025-04-14 12:48:54,98,33.42364758592784,-111.939122135431,361.9905907691497,-1.0,0
2025-04-14 12:48:55,96,33.42356129511229,-111.93891425193503,361.6774595836175,2.4424116611480713,0
2025-04-14 12:48:56,94,33.42354911616052,-111.93892142511623,357.401636451355,2.9748120307922363,0
2025-04-14 12:48:57,92,33.42354109501473,-111.93889482102887,357.10647815166624,2.9748120307922363,0
2025-04-14 12:48:58,90,33.423547187115844,-111.9388625598454,357.1055542406427,3.3256163597106934,0
2025-04-14 12:48:59,88,33.42352644876449,-111.93884884993726,357.08373638567315,3.513216972351074,0
2025-04-14 12:49:00,88,33.42349234467209,-111.93882445035025,357.0184656109184,3.873843193054199,0
2025-04-14 12:49:01,89,33.42346143327413,-111.93880167022796,356.9157257648882,3.9536144733428955,0
2025-04-14 12:49:02,90,33.42339871308785,-111.93877418738363,356.9322863889349,3.873843193054199,0
2025-04-14 12:49:03,90,33.42334340827976,-111.9387649184358,357.17920474732574,3.8562686443328857,0
2025-04-14 12:49:04,91,33.42334340827976,-111.9387649184358,357.17920474732574,3.8562686443328857,0
2025-04-14 12:49:05,91,33.42327159271325,-111.93873875580768,356.91840801296394,3.4227845668792725,0
2025-04-14 12:49:06,91,33.423241941470465,-111.9387154633369,356.8126306848787,3.4227845668792725,0
2025-04-14 12:49:07,91,33.42323282044803,-111.93869632922606,357.0906671056166,2.822240114212036,0
2025-04-14 12:49:08,92,33.42321559432066,-111.93867399560447,357.09066774416715,2.822240114211759,0
2025-04-14 12:49:09,93,33.42321458466618,-111.93864898842624,356.61766365356743,2.332550764083706,0
2025-04-14 12:49:10,93,33.423210017575705,-111.93862001812869,356.5625594807789,2.8127250671383988,0
2025-04-14 12:49:11,93,33.423205335683,-111.93858312137576,357.00316661410034,3.7718265056603526,0
2025-04-14 12:49:12,93,33.42320269205099,-111.93853891473802,356.83917176444083,3.771826505660353,0
2025-04-14 12:49:13,93,33.42318585826267,-111.93851521792591,356.3266985556111,4.088533401488419,0
2025-04-14 12:49:14,94,33.42317099327969,-111.93848776109063,356.32931523397565,4.31175088882348,0
2025-04-14 12:49:15,94,33.423165218065776,-111.93843613983583,356.91981364414096,4.821226596830901,0
2025-04-14 12:49:16,94,33.423144595077325,-111.93837260102109,356.88514390122145,4.8212265968309005,0
2025-04-14 12:49:17,94,33.4231211664366,-111.938292384311,356.56897369772196,5.365015506742491,0
2025-04-14 12:49:18,93,33.42310630689772,-111.93820749194747,356.6025405190885,5.896245956418385,0
2025-04-14 12:49:19,93,33.423104770294714,-111.9381322777996,356.6381229031831,5.896245956418384,0
2025-04-14 12:49:20,92,33.4230946424695,-111.93804649001454,356.3415834745392,5.715179443357085,0
2025-04-14 12:49:21,91,33.423162609495435,-111.93796932545548,357.14712043944746,5.715179443357084,0
2025-04-14 12:49:22,90,33.42316307560268,-111.93789771413924,356.79986150283366,5.849150657651353,0
2025-04-14 12:49:23,89,33.423163483079406,-111.93783511066677,356.5020272536203,6.097121238705716,0
2025-04-14 12:49:24,88,33.42316392865,-111.937766655396,356.139037408866,6.097121238705717,0
2025-04-14 12:49:25,87,33.42316465898772,-111.93768663929099,356.1378744831309,6.26688051223453,0
2025-04-14 12:49:26,87,33.42316531192766,-111.93760516358476,355.8126969393343,6.43663740157754,0
2025-04-14 12:49:27,88,33.423165890274745,-111.9375161133641,356.0017687128857,6.716180801387885,0
2025-04-14 12:49:28,89,33.42316605145659,-111.93743906932104,356.3873164812103,6.9284952179165655,0
2025-04-14 12:49:29,91,33.4231662193339,-111.93735882328922,356.1156348325312,6.8987921514467345,0
2025-04-14 12:49:30,92,33.42316638060755,-111.93728173412768,355.97283814661205,6.842096544395447,0
2025-04-14 12:49:31,94,33.42316656621512,-111.93719301394407,356.0637797405943,7.136561455928926,0
2025-04-14 12:49:32,94,33.42316673235165,-111.93711360125678,356.29219281021506,7.023322671204289,0
2025-04-14 12:49:33,94,33.42316688192942,-111.93704210349759,356.4536458933726,6.732772568363989,0
2025-04-14 12:49:34,93,33.42316698365892,-111.93699347788186,356.74440081603825,5.68932789123399,0
2025-04-14 12:49:35,92,33.423167096330694,-111.93693962131822,356.5130712687969,5.458449128830003,0
2025-04-14 12:49:36,91,33.423167316829556,-111.93688993401359,356.5991953378543,5.09472135722315,0
2025-04-14 12:49:37,90,33.423167443299654,-111.93684829113977,356.67726685106754,4.083932645996505,0
2025-04-14 12:49:38,90,33.423167537488155,-111.93681727810342,357.04721554555,3.489992343017182,0
2025-04-14 12:49:39,91,33.42316764759734,-111.93678102199057,356.9947104435414,3.3878833142189753,0
2025-04-14 12:49:40,91,33.42316776555194,-111.93674218256538,356.8769424902275,3.239951889926124,0
2025-04-14 12:49:41,92,33.423167846871905,-111.9367154038497,355.52237793337554,2.619689616979457,0
2025-04-14 12:49:42,93,33.42316787117286,-111.93670740169252,355.2019175635651,1.8084001250211281,0
2025-04-14 12:49:43,94,33.42315142731284,-111.93670992572288,355.5076448749751,3.421708425751932,0
2025-04-14 12:49:44,96,33.42298341309086,-111.93670298915697,356.2163705546409,3.9201659820878816,0
2025-04-14 12:49:45,98,33.422952262868414,-111.9367076646807,356.776567815803,4.1367946922869825,0
2025-04-14 12:49:46,99,33.42291459057429,-111.93669803680676,356.6015122914687,5.35864990877497,0
2025-04-14 12:49:47,101,33.42288017836198,-111.93669894837579,357.86479101516306,4.640558987504007,0
2025-04-14 12:49:48,101,33.422824454560896,-111.93671090501583,358.8338929368183,5.497046843724109,0
2025-04-14 12:49:49,102,33.422769801213185,-111.93668976348248,359.08124382514507,5.79401631145025,0
2025-04-14 12:49:50,101,33.42270588373295,-111.93668958332375,358.6974178897217,6.071557660046068,0
2025-04-14 12:49:51,101,33.42264326344835,-111.9366894068259,358.17280089948326,6.233782285323495,0
2025-04-14 12:49:52,100,33.422579705233154,-111.93668967993743,358.35419763065875,6.4327000879524245,0
2025-04-14 12:49:53,99,33.42252452596411,-111.93668967993757,358.3461672877893,6.249122035495499,0
2025-04-14 12:49:54,98,33.42246819232824,-111.93668858869357,358.69649890996516,6.132275371139056,0
2025-04-14 12:49:55,98,33.422409029897615,-111.93668809089841,358.16128581017256,6.324812846609202,0
2025-04-14 12:49:56,97,33.42236132731686,-111.93668770889953,358.3065053736791,5.4532997892899235,0
2025-04-14 12:49:57,96,33.42231541798059,-111.93668733347086,358.6722367759794,5.452803497017291,0
2025-04-14 12:49:58,95,33.42227484627607,-111.9366870016884,359.4555021263659,5.3623406723598555,0
2025-04-14 12:49:59,94,33.42224826065854,-111.9366867520924,359.6035000216216,4.295200027214437,0
2025-04-14 12:50:00,93,33.422241325588246,-111.93668668600071,359.0187836633995,2.7028982978688076,0
2025-04-14 12:50:01,92,33.422248661878044,-111.93668675591934,359.1665299218148,2.0407728242340752,0
2025-04-14 12:50:02,92,33.422250055210924,-111.93668676919566,359.654124869965,0.9485168725414541,0
2025-04-14 12:50:03,93,33.42224547488646,-111.9366867255454,359.3184142271057,0.5984344912843348,0
2025-04-14 12:50:04,94,33.42223442620335,-111.93668662025101,358.2821607645601,1.2191456890966288,0
2025-04-14 12:50:05,94,33.422231751678346,-111.93669812467367,358.2460778625682,1.0932760405064603,0
2025-04-14 12:50:06,94,33.422221137875376,-111.93669740506107,358.5057774716988,0.7510598806693599,0
2025-04-14 12:50:07,94,33.42220973597539,-111.93668638493831,358.5016062129289,0.8230644426416662,0
2025-04-14 12:50:08,93,33.42220288459013,-111.93668631964107,358.44682370498776,0.537420801621598,0
2025-04-14 12:50:09,92,33.42219024409835,-111.93668619917166,358.33464642520994,0.5384956844398399,0
2025-04-14 12:50:10,91,33.4221719977782,-111.93668602527379,358.36208610329777,0.5247138909967313,0
2025-04-14 12:50:11,90,33.42215636581563,-111.9366858762911,358.748087993823,0.7065474161478158,0
2025-04-14 12:50:12,89,33.42215355146536,-111.93668584946813,358.83550271205604,0.47171890599859767,0
2025-04-14 12:50:13,88,33.42215046093897,-111.9366858200151,358.59593418892473,0.2287183408835273,0
2025-04-14 12:50:14,88,33.42214929932496,-111.93668580894641,358.35845219064504,0.513723848849566,0
2025-04-14 12:50:15,89,33.42214599225932,-111.93668577743284,357.53977222461253,0.5098677299337215,0
2025-04-14 12:50:16,91,33.42214263248303,-111.93668574541084,357.74950223229825,0.7602668236910426,0
2025-04-14 12:50:17,94,33.42214188413,-111.9366857382804,357.4969859868288,0.6136447033909401,0
2025-04-14 12:50:18,97,33.42213977354768,-111.93668571816634,357.42528338730335,0.2116015002674968,0
2025-04-14 12:50:19,100,33.422139123482836,-111.93676706620865,357.3195625739172,0.3782424096510653,0
2025-04-14 12:50:20,101,33.42214648032031,-111.93676334821582,357.2364259660244,0.5708424080933122,0
2025-04-14 12:50:21,100,33.42214908243348,-111.93677431785196,357.1546383369714,0.4254311569525983,0
2025-04-14 12:50:22,100,33.422157931639745,-111.93678605639059,357.1266724728048,0.8278167616945781,0
2025-04-14 12:50:23,99,33.4221639573465,-111.93679859439818,357.10716391634196,0.912980217715411,0
2025-04-14 12:50:24,99,33.42213774696186,-111.93678273548291,357.09903401788324,0.4746397260283332,0
2025-04-14 12:50:25,99,33.42213223141303,-111.93678142552984,357.10952851269394,0.5049602480399813,0
2025-04-14 12:50:26,100,33.42212551672812,-111.9367927238101,357.1316163530573,0.7415316975835335,0
2025-04-14 12:50:27,100,33.42211896610732,-111.93680260728522,357.14836325868964,0.7794851501335802,0
2025-04-14 12:50:28,100,33.42211506287234,-111.93680576855822,357.17351663298905,0.6938129169297305,0
2025-04-14 12:50:29,100,33.42210714048983,-111.93681925647452,357.19524614792317,0.7768524944915199,0
2025-04-14 12:50:30,100,33.42216148379371,-111.93685128590768,357.25560675002635,0.8816836268329599,0
2025-04-14 12:50:31,101,33.422180725243905,-111.93686625072976,357.2737614661455,1.055017128411416,0
2025-04-14 12:50:32,101,33.4221568916193,-111.9368177196988,357.2836735500023,0.28018620550678447,0
2025-04-14 12:50:33,102,33.422158627584885,-111.93681897590811,357.2874236656353,0.28018078021564546,0
2025-04-14 12:50:34,101,33.42216099412819,-111.93682068863174,357.29083098843694,0.28018063576654345,0
2025-04-14 12:50:35,101,33.42216337343072,-111.9368224105016,357.293220740743,0.28018235049464985,0
2025-04-14 12:50:36,100,33.42216467417297,-111.9368233516712,357.2934258664027,0.2801841313521028,0
2025-04-14 12:50:37,99,33.42216467417297,-111.9368233516712,357.2934258664027,0.2801841313521028,0
2025-04-14 12:50:38,98,33.42216467417297,-111.9368233516712,357.2934258664027,0.2801841313521028,0
2025-04-14 12:50:39,96,33.42216467417297,-111.9368233516712,357.2934258664027,0.2801841313521028,0
2025-04-14 12:50:40,95,33.42216467417297,-111.9368233516712,357.2934258664027,0.2801841313521028,0
2025-04-14 12:50:41,94,33.42216467417297,-111.9368233516712,357.2934258664027,0.2801841313521028,0
2025-04-14 12:50:42,93,33.42216467417297,-111.9368233516712,357.2934258664027,0.2801841313521028,0
2025-04-14 12:50:43,92,33.42216467417297,-111.9368233516712,357.2934258664027,0.2801841313521028,0
2025-04-14 12:50:44,92,33.42216467417297,-111.9368233516712,357.2934258664027,0.2801841313521028,0
2025-04-14 12:50:45,91,33.42216467417297,-111.9368233516712,357.2934258664027,0.2801841313521028,0
2025-04-14 12:50:46,91,33.42216467417297,-111.9368233516712,357.2934258664027,0.2801841313521028,0
2025-04-14 12:50:47,91,33.42216467417297,-111.9368233516712,357.2934258664027,0.2801841313521028,0
2025-04-14 12:50:48,92,33.42216467417297,-111.9368233516712,357.2934258664027,0.2801841313521028,0
2025-04-14 12:50:49,91,33.42216467417297,-111.9368233516712,357.2934258664027,0.2801841313521028,0
2025-04-14 12:50:50,91,33.42216467417297,-111.9368233516712,357.2934258664027,0.2801841313521028,0
2025-04-14 12:50:51,90,33.42216467417297,-111.9368233516712,357.2934258664027,0.2801841313521028,0
2025-04-14 12:50:52,90,33.42216467417297,-111.9368233516712,357.2934258664027,0.2801841313521028,0
2025-04-14 12:50:53,91,33.42216467417297,-111.9368233516712,357.2934258664027,0.2801841313521028,0
2025-04-14 12:50:54,92,33.42216467417297,-111.9368233516712,357.2934258664027,0.2801841313521028,0
2025-04-14 12:50:55,92,33.42215594460956,-111.93675691762719,357.2898502826691,-1.0,0
2025-04-14 12:50:56,92,33.42215594460956,-111.93675691762719,357.2898502826691,-1.0,0
2025-04-14 12:50:57,92,33.42216386122,-111.93673689763295,357.3102174261585,0.3820434239183144,0
2025-04-14 12:50:58,93,33.42216382927693,-111.9367327695488,357.2904676385224,0.38205734743059444,0
2025-04-14 12:50:59,93,33.42216378222805,-111.93672825144304,357.2896689781919,0.38205753777307816,0
2025-04-14 12:51:00,93,33.4221637437735,-111.93672457105133,357.28932286892086,0.3820572615273708,0
2025-04-14 12:51:01,93,33.422163700701226,-111.93672044757183,357.28905645012856,0.3820569249300509,0
2025-04-14 12:51:02,92,33.42216365355761,-111.9367159294949,357.2888672798872,0.38205664903248404,0
2025-04-14 12:51:03,91,33.42216363214144,-111.9367138757525,357.28863052278757,0.38205664903248404,0
2025-04-14 12:51:04,90,33.422163538609404,-111.93670811052068,357.28891903255135,0.3821847910742832,0
2025-04-14 12:51:05,88,33.42216352454617,-111.93670402420048,357.28907036874443,0.38014001482242543,0
2025-04-14 12:51:06,88,33.422163500048974,-111.93669954334742,357.2891989806667,0.3801400871199386,0
2025-04-14 12:51:07,88,33.42216347994286,-111.93669586518511,357.28934313636273,0.3801401678158696,0
2025-04-14 12:51:08,90,33.42216347994286,-111.93669586518511,357.28934313636273,0.3801401678158696,0
2025-04-14 12:51:09,91,33.42214083409542,-111.93678590458293,357.2885703584179,0.3873913413406241,0
2025-04-14 12:51:10,91,33.42213976903329,-111.936788057547,357.2890229439363,0.38739383549922723,0
2025-04-14 12:51:11,90,33.42213976903329,-111.936788057547,357.2890229439363,0.38739383549922723,0
2025-04-14 12:51:12,90,33.42213976903329,-111.936788057547,357.2890229439363,0.38739383549922723,0
2025-04-14 12:51:13,90,33.42213976903329,-111.936788057547,357.2890229439363,0.38739383549922723,0
2025-04-14 12:51:14,91,33.42213976903329,-111.936788057547,357.2890229439363,0.38739383549922723,0
2025-04-14 12:51:15,91,33.42213976903329,-111.936788057547,357.2890229439363,0.38739383549922723,0
2025-04-14 12:51:16,92,33.42213976903329,-111.936788057547,357.2890229439363,0.38739383549922723,0
2025-04-14 12:51:17,91,33.42213976903329,-111.936788057547,357.2890229439363,0.38739383549922723,0
2025-04-14 12:51:18,90,33.42213976903329,-111.936788057547,357.2890229439363,0.38739383549922723,0
2025-04-14 12:51:19,89,33.42213976903329,-111.936788057547,357.2890229439363,0.38739383549922723,0
2025-04-14 12:51:20,88,33.42213976903329,-111.936788057547,357.2890229439363,0.38739383549922723,0
2025-04-14 12:51:21,88,33.42213976903329,-111.936788057547,357.2890229439363,0.38739383549922723,0
2025-04-14 12:51:22,88,33.42213976903329,-111.936788057547,357.2890229439363,0.38739383549922723,0
2025-04-14 12:51:23,89,33.42213976903329,-111.936788057547,357.2890229439363,0.38739383549922723,0
2025-04-14 12:51:24,90,33.42213976903329,-111.936788057547,357.2890229439363,0.38739383549922723,0
2025-04-14 12:51:25,90,33.42213976903329,-111.936788057547,357.2890229439363,0.38739383549922723,0
2025-04-14 12:51:26,91,33.42213976903329,-111.936788057547,357.2890229439363,0.38739383549922723,0
2025-04-14 12:51:27,90,33.42213976903329,-111.936788057547,357.2890229439363,0.38739383549922723,0
2025-04-14 12:51:28,90,33.42213976903329,-111.936788057547,357.2890229439363,0.38739383549922723,0
2025-04-14 12:51:29,89,33.42213976903329,-111.936788057547,357.2890229439363,0.38739383549922723,0
2025-04-14 12:51:30,89,33.42213976903329,-111.936788057547,357.2890229439363,0.38739383549922723,0
2025-04-14 12:51:31,90,33.42216164121688,-111.93673735654494,357.2898502826691,-1.0,0
2025-04-14 12:51:32,92,33.42216164121688,-111.93673735654494,357.2898502826691,-1.0,0
2025-04-14 12:51:33,93,33.42216164121688,-111.93673735654494,357.2898502826691,-1.0,0
2025-04-14 12:51:34,94,33.42216164121688,-111.93673735654494,357.2898502826691,-1.0,0
2025-04-14 12:51:35,94,33.42216164121688,-111.93673735654494,357.2898502826691,-1.0,0
2025-04-14 12:51:36,94,33.42216164121688,-111.93673735654494,357.2898502826691,-1.0,0
2025-04-14 12:51:37,93,33.42216164121688,-111.93673735654494,357.2898502826691,-1.0,0
2025-04-14 12:51:38,92,33.42216164121688,-111.93673735654494,357.2898502826691,-1.0,0
2025-04-14 12:51:39,90,33.42216164121688,-111.93673735654494,357.2898502826691,-1.0,0
2025-04-14 12:51:40,89,33.42212705317584,-111.9368272844194,357.2898502826691,-1.0,0
2025-04-14 12:51:41,89,33.42212705317584,-111.9368272844194,357.2898502826691,-1.0,0
2025-04-14 12:51:42,89,33.42212705317584,-111.9368272844194,357.2898502826691,-1.0,0
2025-04-14 12:51:43,90,33.42212705317584,-111.9368272844194,357.2898502826691,-1.0,0
2025-04-14 12:51:44,89,33.42212705317584,-111.9368272844194,357.2898502826691,-1.0,0
2025-04-14 12:51:45,89,33.42212705317584,-111.9368272844194,357.2898502826691,-1.0,0
2025-04-14 12:51:46,87,33.42212705317584,-111.9368272844194,357.2898502826691,-1.0,0
2025-04-14 12:51:47,86,33.422161643476436,-111.93672957971913,357.2898502826691,-1.0,0
2025-04-14 12:51:48,85,33.422161643476436,-111.93672957971913,357.2898502826691,-1.0,0
2025-04-14 12:51:49,85,33.422161643476436,-111.93672957971913,357.2898502826691,-1.0,0
2025-04-14 12:51:50,84,33.422161643476436,-111.93672957971913,357.2898502826691,-1.0,0
2025-04-14 12:51:51,83,33.422161643476436,-111.93672957971913,357.2898502826691,-1.0,0
2025-04-14 12:51:52,82,33.422161643476436,-111.93672957971913,357.2898502826691,-1.0,0
2025-04-14 12:51:53,81,33.422160059358255,-111.93675268639603,357.2898502826691,-1.0,0
2025-04-14 12:51:54,80,33.422160059358255,-111.93675268639603,357.2898502826691,-1.0,0
2025-04-14 12:51:55,81,33.42216029773067,-111.93675144164797,357.2898502826691,-1.0,0
2025-04-14 12:51:56,82,33.42216029773067,-111.93675144164797,357.2898502826691,-1.0,0
2025-04-14 12:51:57,84,33.42216029773067,-111.93675144164797,357.2898502826691,-1.0,0
2025-04-14 12:51:58,85,33.42216029773067,-111.93675144164797,357.2898502826691,-1.0,0
2025-04-14 12:51:59,87,33.42216029773067,-111.93675144164797,357.2898502826691,-1.0,0
2025-04-14 12:52:00,88,33.42216029773067,-111.93675144164797,357.2898502826691,-1.0,0
2025-04-14 12:52:01,90,33.42216029773067,-111.93675144164797,357.2898502826691,-1.0,0
2025-04-14 12:52:02,92,33.42215827768381,-111.93673576721403,357.2898502826691,-1.0,0
2025-04-14 12:52:03,93,33.42215827768381,-111.93673576721403,357.2898502826691,-1.0,0
2025-04-14 12:52:04,95,33.42215827768381,-111.93673576721403,357.2898502826691,-1.0,0
2025-04-14 12:52:05,95,33.42215827768381,-111.93673576721403,357.2898502826691,-1.0,0
2025-04-14 12:52:06,96,33.42215827768381,-111.93673576721403,357.2898502826691,-1.0,0
2025-04-14 12:52:07,95,33.42215827768381,-111.93673576721403,357.2898502826691,-1.0,0
2025-04-14 12:52:08,95,33.42215827768381,-111.93673576721403,357.2898502826691,-1.0,0
2025-04-14 12:52:09,94,33.42213874817989,-111.93676395935462,357.2898502826691,-1.0,0
2025-04-14 12:52:10,93,33.42214272384452,-111.93675736410331,356.08365872781724,0.26269228540555634,0
2025-04-14 12:52:11,93,33.42214035320071,-111.93675899354076,357.2405427135527,0.25049502458484885,0
2025-04-14 12:52:12,94,33.42213854835119,-111.93676072461186,357.25281461142004,0.24796369645726135,0
2025-04-14 12:52:13,95,33.4221367088877,-111.93676246780464,357.2846702961251,0.24949912163834317,0
2025-04-14 12:52:14,97,33.42213493727965,-111.9367640235653,357.270989138633,0.24838153471998572,0
2025-04-14 12:52:15,98,33.422132950278694,-111.93676590783707,357.3323020040989,0.25069777955897754,0
2025-04-14 12:52:16,98,33.42213125072486,-111.93676735284134,357.3490247614682,0.253616552102688,0
2025-04-14 12:52:17,99,33.422129481444316,-111.93676884510705,357.26813470665365,0.2505422189582641,0
2025-04-14 12:52:18,99,33.422127650392646,-111.93677050053981,357.3130455818027,0.2509774885936885,0
2025-04-14 12:52:19,99,33.42212583913204,-111.93677209619824,357.2957357643172,0.2506090869839034,0
2025-04-14 12:52:20,98,33.42212384878482,-111.93677386634914,357.30918794777244,0.2507422620602714,0
2025-04-14 12:52:21,97,33.42212276356216,-111.93677481731167,357.27459785714746,0.2507528479583234,0
2025-04-14 12:52:22,96,33.42212276356216,-111.93677481731167,357.27459785714746,0.2507528479583234,0
2025-04-14 12:52:23,95,33.42212276356216,-111.93677481731167,357.27459785714746,0.2507528479583234,0
2025-04-14 12:52:24,95,33.42212276356216,-111.93677481731167,357.27459785714746,0.2507528479583234,0
2025-04-14 12:52:25,95,33.42212276356216,-111.93677481731167,357.27459785714746,0.2507528479583234,0
2025-04-14 12:52:26,96,33.42212276356216,-111.93677481731167,357.27459785714746,0.2507528479583234,0
2025-04-14 12:52:27,96,33.42212276356216,-111.93677481731167,357.27459785714746,0.2507528479583234,0
2025-04-14 12:52:28,98,33.42212276356216,-111.93677481731167,357.27459785714746,0.2507528479583234,0
2025-04-14 12:52:29,99,33.42212276356216,-111.93677481731167,357.27459785714746,0.2507528479583234,0
2025-04-14 12:52:30,101,33.42212276356216,-111.93677481731167,357.27459785714746,0.2507528479583234,0
2025-04-14 12:52:31,102,33.42212276356216,-111.93677481731167,357.27459785714746,0.2507528479583234,0
2025-04-14 12:52:32,102,33.42211423559041,-111.93689627017332,357.2898502826691,-1.0,0
2025-04-14 12:52:33,102,33.42211423559041,-111.93689627017332,357.2898502826691,-1.0,0
2025-04-14 12:52:34,102,33.422112954565236,-111.93689994390857,357.13378019072115,0.6278345287977812,0
2025-04-14 12:52:35,103,33.422111815022475,-111.93690656844073,357.1782502159476,0.6279068399882541,0
2025-04-14 12:52:36,104,33.42211078936283,-111.93691256722254,357.1988937454298,0.6280016862765017,0
2025-04-14 12:52:37,104,33.42210956043849,-111.93691982603224,357.2482550498098,0.6281156665405803,0
2025-04-14 12:52:38,104,33.42210855091516,-111.9369257876742,357.252591191791,0.6280445307208302,0
2025-04-14 12:52:39,103,33.42210776719416,-111.93693042740199,357.2629351085052,0.6280603047792302,0
2025-04-14 12:52:40,102,33.42210776719416,-111.93693042740199,357.2629351085052,0.6280603047792302,0
2025-04-14 12:52:41,101,33.42210776719416,-111.93693042740199,357.2629351085052,0.6280603047792302,0
2025-04-14 12:52:42,99,33.42210776719416,-111.93693042740199,357.2629351085052,0.6280603047792302,0
2025-04-14 12:52:43,98,33.42210776719416,-111.93693042740199,357.2629351085052,0.6280603047792302,0
2025-04-14 12:52:44,97,33.42210776719416,-111.93693042740199,357.2629351085052,0.6280603047792302,0
2025-04-14 12:52:45,97,33.42210776719416,-111.93693042740199,357.2629351085052,0.6280603047792302,0
2025-04-14 12:52:46,98,33.42210776719416,-111.93693042740199,357.2629351085052,0.6280603047792302,0
2025-04-14 12:52:47,98,33.42210776719416,-111.93693042740199,357.2629351085052,0.6280603047792302,0
2025-04-14 12:52:48,99,33.42210776719416,-111.93693042740199,357.2629351085052,0.6280603047792302,0
2025-04-14 12:52:49,98,33.42210776719416,-111.93693042740199,357.2629351085052,0.6280603047792302,0
2025-04-14 12:52:50,97,33.42210776719416,-111.93693042740199,357.2629351085052,0.6280603047792302,0
2025-04-14 12:52:51,96,33.42210776719416,-111.93693042740199,357.2629351085052,0.6280603047792302,0
2025-04-14 12:52:52,94,33.42210776719416,-111.93693042740199,357.2629351085052,0.6280603047792302,0
2025-04-14 12:52:53,93,33.42210776719416,-111.93693042740199,357.2629351085052,0.6280603047792302,0
2025-04-14 12:52:54,92,33.42210776719416,-111.93693042740199,357.2629351085052,0.6280603047792302,0
2025-04-14 12:52:55,92,33.42210776719416,-111.93693042740199,357.2629351085052,0.6280603047792302,0
2025-04-14 12:52:56,93,33.42210776719416,-111.93693042740199,357.2629351085052,0.6280603047792302,0
2025-04-14 12:52:57,94,33.42210776719416,-111.93693042740199,357.2629351085052,0.6280603047792302,0
2025-04-14 12:52:58,94,33.42218701555724,-111.93671380790848,0.0,-1.0,0
2025-04-14 12:52:59,95,33.42218701555724,-111.93671380790848,0.0,-1.0,0
2025-04-14 12:53:00,94,33.42218701555724,-111.93671380790848,0.0,-1.0,0
2025-04-14 12:53:01,94,33.42218701555724,-111.93671380790848,0.0,-1.0,0
2025-04-14 12:53:02,93,33.42218701555724,-111.93671380790848,0.0,-1.0,0
2025-04-14 12:53:03,93,33.42218701555724,-111.93671380790848,0.0,-1.0,0
2025-04-14 12:53:04,92,33.42218701555724,-111.93671380790848,0.0,-1.0,0
2025-04-14 12:53:05,93,33.42218701555724,-111.93671380790848,0.0,-1.0,0
2025-04-14 12:53:06,94,33.42218701555724,-111.93671380790848,0.0,-1.0,0
2025-04-14 12:53:07,94,33.42213960245785,-111.93679562135932,357.2898502826691,-1.0,0
2025-04-14 12:53:08,93,33.42213960245785,-111.93679562135932,357.2898502826691,-1.0,0
2025-04-14 12:53:09,93,33.4221398087319,-111.93679424026375,357.2898502826691,-1.0,0
2025-04-14 12:53:10,92,33.4221398087319,-111.93679424026375,357.2898502826691,-1.0,0
2025-04-14 12:53:11,91,33.4221398087319,-111.93679424026375,357.2898502826691,-1.0,0
2025-04-14 12:53:12,91,33.4221398087319,-111.93679424026375,357.2898502826691,-1.0,0
2025-04-14 12:53:13,91,33.4221398087319,-111.93679424026375,357.2898502826691,-1.0,0
2025-04-14 12:53:14,90,33.42210511759113,-111.93690373341758,357.2898502826691,-1.0,0
2025-04-14 12:53:15,90,33.42210511759113,-111.93690373341758,357.2898502826691,-1.0,0
2025-04-14 12:53:16,89,33.42210511759113,-111.93690373341758,357.2898502826691,-1.0,0
2025-04-14 12:53:17,87,33.42210511759113,-111.93690373341758,357.2898502826691,-1.0,0
2025-04-14 12:53:18,86,33.42210511759113,-111.93690373341758,357.2898502826691,-1.0,0
2025-04-14 12:53:19,85,33.42210511759113,-111.93690373341758,357.2898502826691,-1.0,0
2025-04-14 12:53:20,84,33.42210529482891,-111.93694301197968,357.2898502826691,-1.0,0
2025-04-14 12:53:21,83,33.42210529482891,-111.93694301197968,357.2898502826691,-1.0,0
2025-04-14 12:53:22,83,33.42210529482891,-111.93694301197968,357.2898502826691,-1.0,0
2025-04-14 12:53:23,83,33.42210529482891,-111.93694301197968,357.2898502826691,-1.0,0
2025-04-14 12:53:24,83,33.42210529482891,-111.93694301197968,357.2898502826691,-1.0,0
2025-04-14 12:53:25,83,33.42210529482891,-111.93694301197968,357.2898502826691,-1.0,0
2025-04-14 12:53:26,85,33.42210529482891,-111.93694301197968,357.2898502826691,-1.0,0
2025-04-14 12:53:27,86,33.422131406928855,-111.93680633666246,357.2898502826691,-1.0,0
2025-04-14 12:53:28,87,33.422131406928855,-111.93680633666246,357.2898502826691,-1.0,0
2025-04-14 12:53:29,87,33.422131406928855,-111.93680633666246,357.2898502826691,-1.0,0
2025-04-14 12:53:30,87,33.422131406928855,-111.93680633666246,357.2898502826691,-1.0,0
2025-04-14 12:53:31,87,33.422131406928855,-111.93680633666246,357.2898502826691,-1.0,0
2025-04-14 12:53:32,87,33.422131406928855,-111.93680633666246,357.2898502826691,-1.0,0
2025-04-14 12:53:33,88,33.42213865523744,-111.93679854048386,357.2898502826691,-1.0,0
2025-04-14 12:53:34,89,33.42213865523744,-111.93679854048386,357.2898502826691,-1.0,0
2025-04-14 12:53:35,90,33.42213865523744,-111.93679854048386,357.2898502826691,-1.0,0
2025-04-14 12:53:36,89,33.42213865523744,-111.93679854048386,357.2898502826691,-1.0,0
2025-04-14 12:53:37,89,33.42213865523744,-111.93679854048386,357.2898502826691,-1.0,0
2025-04-14 12:53:38,88,33.42213865523744,-111.93679854048386,357.2898502826691,-1.0,0
2025-04-14 12:53:39,88,33.42213865523744,-111.93679854048386,357.2898502826691,-1.0,0
2025-04-14 12:53:40,87,33.422130137256886,-111.93684318329822,357.2898502826691,-1.0,0
2025-04-14 12:53:41,86,33.422130137256886,-111.93684318329822,357.2898502826691,-1.0,0
2025-04-14 12:53:42,86,33.422130137256886,-111.93684318329822,357.2898502826691,-1.0,0
2025-04-14 12:53:43,87,33.422130137256886,-111.93684318329822,357.2898502826691,-1.0,0
2025-04-14 12:53:44,87,33.422130137256886,-111.93684318329822,357.2898502826691,-1.0,0
2025-04-14 12:53:45,86,33.422130137256886,-111.93684318329822,357.2898502826691,-1.0,0
2025-04-14 12:53:46,86,33.422089272314956,-111.93697689577517,357.2898502826691,-1.0,0
2025-04-14 12:53:47,85,33.42208769590837,-111.93698060780696,357.2898502826691,-1.0,0
2025-04-14 12:53:48,84,33.42208769590837,-111.93698060780696,357.2898502826691,-1.0,0
2025-04-14 12:53:49,84,33.42208769590837,-111.93698060780696,357.2898502826691,-1.0,0
2025-04-14 12:53:50,83,33.42208769590837,-111.93698060780696,357.2898502826691,-1.0,0
2025-04-14 12:53:51,83,33.42208769590837,-111.93698060780696,357.2898502826691,-1.0,0
2025-04-14 12:53:52,84,33.42208769590837,-111.93698060780696,357.2898502826691,-1.0,0
2025-04-14 12:53:53,85,33.42208769590837,-111.93698060780696,357.2898502826691,-1.0,0
2025-04-14 12:53:54,85,33.42208769590837,-111.93698060780696,357.2898502826691,-1.0,0
2025-04-14 12:53:55,86,33.42208769590837,-111.93698060780696,357.2898502826691,-1.0,0
2025-04-14 12:53:56,87,33.42208769590837,-111.93698060780696,357.2898502826691,-1.0,0
2025-04-14 12:53:57,89,33.42208769590837,-111.93698060780696,357.2898502826691,-1.0,0
2025-04-14 12:53:58,90,33.42208769590837,-111.93698060780696,357.2898502826691,-1.0,0
2025-04-14 12:53:59,91,33.42213273849584,-111.93681180908966,357.2898502826691,-1.0,0
2025-04-14 12:54:00,91,33.42213273849584,-111.93681180908966,357.2898502826691,-1.0,0
2025-04-14 12:54:01,91,33.42213273849584,-111.93681180908966,357.2898502826691,-1.0,0
2025-04-14 12:54:02,91,33.42213273849584,-111.93681180908966,357.2898502826691,-1.0,0
2025-04-14 12:54:03,90,33.42213273849584,-111.93681180908966,357.2898502826691,-1.0,0
2025-04-14 12:54:04,90,33.42213273849584,-111.93681180908966,357.2898502826691,-1.0,0
2025-04-14 12:54:05,89,33.42213273849584,-111.93681180908966,357.2898502826691,-1.0,0
2025-04-14 12:54:06,89,33.42215571841506,-111.9367818188038,357.2898502826691,-1.0,0
2025-04-14 12:54:07,89,33.42215571841506,-111.9367818188038,357.2898502826691,-1.0,0
2025-04-14 12:54:08,90,33.42215571841506,-111.9367818188038,357.2898502826691,-1.0,0
2025-04-14 12:54:09,89,33.42215571841506,-111.9367818188038,357.2898502826691,-1.0,0
2025-04-14 12:54:10,89,33.42215571841506,-111.9367818188038,357.2898502826691,-1.0,0
2025-04-14 12:54:11,88,33.42215571841506,-111.9367818188038,357.2898502826691,-1.0,0
2025-04-14 12:54:12,88,33.422134934017635,-111.93681484200093,357.2898502826691,-1.0,0
2025-04-14 12:54:13,87,33.422134934017635,-111.93681484200093,357.2898502826691,-1.0,0
2025-04-14 12:54:14,86,33.422134934017635,-111.93681484200093,357.2898502826691,-1.0,0
2025-04-14 12:54:15,86,33.422134934017635,-111.93681484200093,357.2898502826691,-1.0,0
2025-04-14 12:54:16,85,33.422134934017635,-111.93681484200093,357.2898502826691,-1.0,0
2025-04-14 12:54:17,84,33.422134934017635,-111.93681484200093,357.2898502826691,-1.0,0
2025-04-14 12:54:18,83,33.422134934017635,-111.93681484200093,357.2898502826691,-1.0,0
2025-04-14 12:54:19,82,33.422114394136905,-111.93692431276159,357.2898502826691,-1.0,0
2025-04-14 12:54:20,81,33.422114394136905,-111.93692431276159,357.2898502826691,-1.0,0
2025-04-14 12:54:21,79,33.422114394136905,-111.93692431276159,357.2898502826691,-1.0,0
2025-04-14 12:54:22,78,33.422114394136905,-111.93692431276159,357.2898502826691,-1.0,0
2025-04-14 12:54:23,76,33.422114394136905,-111.93692431276159,357.2898502826691,-1.0,0
2025-04-14 12:54:24,76,33.422114394136905,-111.93692431276159,357.2898502826691,-1.0,0
2025-04-14 12:54:25,76,33.42217638662713,-111.93673954364749,357.2898502826691,-1.0,0
2025-04-14 12:54:26,76,33.42217638662713,-111.93673954364749,357.2898502826691,-1.0,0
2025-04-14 12:54:27,76,33.42217638662713,-111.93673954364749,357.2898502826691,-1.0,0
2025-04-14 12:54:28,76,33.42217638662713,-111.93673954364749,357.2898502826691,-1.0,0
2025-04-14 12:54:29,77,33.42217638662713,-111.93673954364749,357.2898502826691,-1.0,0
2025-04-14 12:54:30,79,33.42217638662713,-111.93673954364749,357.2898502826691,-1.0,0
2025-04-14 12:54:31,80,33.42217638662713,-111.93673954364749,357.2898502826691,-1.0,0
2025-04-14 12:54:32,82,33.42214287217579,-111.93685488216967,357.2898502826691,-1.0,0
2025-04-14 12:54:33,83,33.42214287217579,-111.93685488216967,357.2898502826691,-1.0,0
2025-04-14 12:54:34,84,33.42214116359263,-111.93686076218408,357.2898502826691,-1.0,0
2025-04-14 12:54:35,86,33.42214116359263,-111.93686076218408,357.2898502826691,-1.0,0
2025-04-14 12:54:36,87,33.42214116359263,-111.93686076218408,357.2898502826691,-1.0,0
2025-04-14 12:54:37,88,33.42196807894061,-111.93735656719446,356.45001220703125,-1.0,0
2025-04-14 12:54:38,88,33.42196807894061,-111.93735656719446,356.45001220703125,-1.0,0
2025-04-14 12:54:39,88,33.42196807894061,-111.93735656719446,356.45001220703125,-1.0,0
2025-04-14 12:54:40,87,33.42213504076435,-111.9368270136806,357.2898502826691,-1.0,0
2025-04-14 12:54:41,87,33.42213504076435,-111.9368270136806,357.2898502826691,-1.0,0
2025-04-14 12:54:42,88,33.42213504076435,-111.9368270136806,357.2898502826691,-1.0,0
2025-04-14 12:54:43,88,33.42213504076435,-111.9368270136806,357.2898502826691,-1.0,0
2025-04-14 12:54:44,88,33.42213504076435,-111.9368270136806,357.2898502826691,-1.0,0
2025-04-14 12:54:45,89,33.42213504076435,-111.9368270136806,357.2898502826691,-1.0,0
2025-04-14 12:54:46,90,33.422236635395684,-111.93670960617976,357.2898502826691,-1.0,0
2025-04-14 12:54:47,93,33.422236635395684,-111.93670960617976,357.2898502826691,-1.0,0
2025-04-14 12:54:48,95,33.422236635395684,-111.93670960617976,357.2898502826691,-1.0,0
2025-04-14 12:54:49,97,33.422236635395684,-111.93670960617976,357.2898502826691,-1.0,0
2025-04-14 12:54:50,98,33.422236635395684,-111.93670960617976,357.2898502826691,-1.0,0
2025-04-14 12:54:51,99,33.422236635395684,-111.93670960617976,357.2898502826691,-1.0,0
2025-04-14 12:54:52,98,33.42218598413518,-111.93665894804629,357.2898502826691,-1.0,0
2025-04-14 12:54:53,98,33.42218598413518,-111.93665894804629,357.2898502826691,-1.0,0
2025-04-14 12:54:54,96,33.42218598413518,-111.93665894804629,357.2898502826691,-1.0,0
2025-04-14 12:54:55,95,33.42218598413518,-111.93665894804629,357.2898502826691,-1.0,0
2025-04-14 12:54:56,93,33.42218598413518,-111.93665894804629,357.2898502826691,-1.0,0
2025-04-14 12:54:57,91,33.42218598413518,-111.93665894804629,357.2898502826691,-1.0,0
2025-04-14 12:54:58,90,33.42215531188778,-111.93678242513788,357.2898502826691,-1.0,0
2025-04-14 12:54:59,89,33.422155597605496,-111.93678068061291,357.2898502826691,-1.0,0
2025-04-14 12:55:00,88,33.422155597605496,-111.93678068061291,357.2898502826691,-1.0,0
2025-04-14 12:55:01,86,33.422155597605496,-111.93678068061291,357.2898502826691,-1.0,0
2025-04-14 12:55:02,85,33.422155597605496,-111.93678068061291,357.2898502826691,-1.0,0
2025-04-14 12:55:03,83,33.422155597605496,-111.93678068061291,357.2898502826691,-1.0,0
2025-04-14 12:55:04,81,33.422155597605496,-111.93678068061291,357.2898502826691,-1.0,0
2025-04-14 12:55:05,79,33.422155597605496,-111.93678068061291,357.2898502826691,-1.0,0
2025-04-14 12:55:06,78,33.42212844223736,-111.93684548044179,357.2898502826691,-1.0,0
2025-04-14 12:55:07,78,33.42212844223736,-111.93684548044179,357.2898502826691,-1.0,0
2025-04-14 12:55:08,79,33.42212844223736,-111.93684548044179,357.2898502826691,-1.0,0
2025-04-14 12:55:09,80,33.42212844223736,-111.93684548044179,357.2898502826691,-1.0,0
2025-04-14 12:55:10,80,33.42212844223736,-111.93684548044179,357.2898502826691,-1.0,0
2025-04-14 12:55:11,81,33.42212844223736,-111.93684548044179,357.2898502826691,-1.0,0
2025-04-14 12:55:12,82,33.42216028076818,-111.93675159878224,357.2898502826691,-1.0,0
2025-04-14 12:55:13,83,33.42216028076818,-111.93675159878224,357.2898502826691,-1.0,0
2025-04-14 12:55:14,84,33.42216082161787,-111.93674932233768,357.2898502826691,-1.0,0
2025-04-14 12:55:15,85,33.42216082161787,-111.93674932233768,357.2898502826691,-1.0,0
2025-04-14 12:55:16,86,33.42216082161787,-111.93674932233768,357.2898502826691,-1.0,0
2025-04-14 12:55:17,87,33.42216082161787,-111.93674932233768,357.2898502826691,-1.0,0
2025-04-14 12:55:18,88,33.42216082161787,-111.93674932233768,357.2898502826691,-1.0,0
2025-04-14 12:55:19,88,33.42216082161787,-111.93674932233768,357.2898502826691,-1.0,0
2025-04-14 12:55:20,87,33.42211977050659,-111.93686017402297,357.2898502826691,-1.0,0
2025-04-14 12:55:21,87,33.42211026814474,-111.93688465775209,357.2898502826691,-1.0,0
2025-04-14 12:55:22,85,33.42211026814474,-111.93688465775209,357.2898502826691,-1.0,0
2025-04-14 12:55:23,84,33.42211026814474,-111.93688465775209,357.2898502826691,-1.0,0
2025-04-14 12:55:24,83,33.42211026814474,-111.93688465775209,357.2898502826691,-1.0,0
2025-04-14 12:55:25,83,33.42211026814474,-111.93688465775209,357.2898502826691,-1.0,0
2025-04-14 12:55:26,83,33.42211026814474,-111.93688465775209,357.2898502826691,-1.0,0
2025-04-14 12:55:27,84,33.4221828034494,-111.93668330982818,357.2898502826691,-1.0,0
2025-04-14 12:55:28,83,33.4221828034494,-111.93668330982818,357.2898502826691,-1.0,0
2025-04-14 12:55:29,82,33.4221828034494,-111.93668330982818,357.2898502826691,-1.0,0
2025-04-14 12:55:30,81,33.4221828034494,-111.93668330982818,357.2898502826691,-1.0,0
2025-04-14 12:55:31,79,33.4221828034494,-111.93668330982818,357.2898502826691,-1.0,0
2025-04-14 12:55:32,78,33.4221828034494,-111.93668330982818,357.2898502826691,-1.0,0
2025-04-14 12:55:33,77,33.4221828034494,-111.93668330982818,357.2898502826691,-1.0,0
2025-04-14 12:55:34,77,33.42216977362289,-111.93671482308133,357.2898502826691,-1.0,0
2025-04-14 12:55:35,77,33.42216977362289,-111.93671482308133,357.2898502826691,-1.0,0
2025-04-14 12:55:36,77,33.42216977362289,-111.93671482308133,357.2898502826691,-1.0,0
2025-04-14 12:55:37,77,33.42216977362289,-111.93671482308133,357.2898502826691,-1.0,0
2025-04-14 12:55:38,76,33.42216977362289,-111.93671482308133,357.2898502826691,-1.0,0
2025-04-14 12:55:39,75,33.42216977362289,-111.93671482308133,357.2898502826691,-1.0,0
2025-04-14 12:55:40,74,33.422134595046586,-111.93681437894004,357.2898502826691,-1.0,0
2025-04-14 12:55:41,74,33.422134595046586,-111.93681437894004,357.2898502826691,-1.0,0
2025-04-14 12:55:42,74,33.42207876564033,-111.9369723769339,357.2898502826691,-1.0,0
2025-04-14 12:55:43,74,33.42207876564033,-111.9369723769339,357.2898502826691,-1.0,0
2025-04-14 12:55:44,75,33.42207876564033,-111.9369723769339,357.2898502826691,-1.0,0
2025-04-14 12:55:45,76,33.42207876564033,-111.9369723769339,357.2898502826691,-1.0,0
2025-04-14 12:55:46,77,33.42207876564033,-111.9369723769339,357.2898502826691,-1.0,0
2025-04-14 12:55:47,78,33.42207876564033,-111.9369723769339,357.2898502826691,-1.0,0
2025-04-14 12:55:48,79,33.422114659277085,-111.93688046295506,357.2898502826691,-1.0,0
2025-04-14 12:55:49,78,33.42211418302432,-111.93688075668483,357.2898502826691,-1.0,0
2025-04-14 12:55:50,77,33.42211418302432,-111.93688075668483,357.2898502826691,-1.0,0
2025-04-14 12:55:51,76,33.42211418302432,-111.93688075668483,357.2898502826691,-1.0,0
2025-04-14 12:55:52,75,33.42211418302432,-111.93688075668483,357.2898502826691,-1.0,0
2025-04-14 12:55:53,74,33.42211418302432,-111.93688075668483,357.2898502826691,-1.0,0
2025-04-14 12:55:54,73,33.42211418302432,-111.93688075668483,357.2898502826691,-1.0,0
2025-04-14 12:55:55,73,33.42211418302432,-111.93688075668483,357.2898502826691,-1.0,0
2025-04-14 12:55:56,72,33.42216347569156,-111.93674846729644,357.2898502826691,-1.0,0
2025-04-14 12:55:57,71,33.42216347569156,-111.93674846729644,357.2898502826691,-1.0,0
2025-04-14 12:55:58,71,33.42216414249523,-111.93674574488308,357.2898502826691,-1.0,0
2025-04-14 12:55:59,71,33.42216414249523,-111.93674574488308,357.2898502826691,-1.0,0
2025-04-14 12:56:00,72,33.42216414249523,-111.93674574488308,357.2898502826691,-1.0,0
2025-04-14 12:56:01,71,33.42216414249523,-111.93674574488308,357.2898502826691,-1.0,0
2025-04-14 12:56:02,71,33.42216414249523,-111.93674574488308,357.2898502826691,-1.0,0
2025-04-14 12:56:03,70,33.42216414249523,-111.93674574488308,357.2898502826691,-1.0,0
2025-04-14 12:56:04,69,33.42216414249523,-111.93674574488308,357.2898502826691,-1.0,0
2025-04-14 12:56:05,68,33.42216414249523,-111.93674574488308,357.2898502826691,-1.0,0
2025-04-14 12:56:06,68,33.42216414249523,-111.93674574488308,357.2898502826691,-1.0,0
2025-04-14 12:56:07,68,33.42216414249523,-111.93674574488308,357.2898502826691,-1.0,0
2025-04-14 12:56:08,68,33.42216414249523,-111.93674574488308,357.2898502826691,-1.0,0
2025-04-14 12:56:09,69,33.42216414249523,-111.93674574488308,357.2898502826691,-1.0,0
2025-04-14 12:56:10,71,33.42216414249523,-111.93674574488308,357.2898502826691,-1.0,0
2025-04-14 12:56:11,73,33.42216414249523,-111.93674574488308,357.2898502826691,-1.0,0
2025-04-14 12:56:12,76,33.42216414249523,-111.93674574488308,357.2898502826691,-1.0,0
2025-04-14 12:56:13,78,33.42216414249523,-111.93674574488308,357.2898502826691,-1.0,0
2025-04-14 12:56:14,79,33.42216414249523,-111.93674574488308,357.2898502826691,-1.0,0
2025-04-14 12:56:15,81,33.42216414249523,-111.93674574488308,357.2898502826691,-1.0,0
2025-04-14 12:56:16,82,33.42216414249523,-111.93674574488308,357.2898502826691,-1.0,0
2025-04-14 12:56:17,83,33.42216414249523,-111.93674574488308,357.2898502826691,-1.0,0
2025-04-14 12:56:18,83,33.42216414249523,-111.93674574488308,357.2898502826691,-1.0,0
2025-04-14 12:56:19,84,33.422116978305034,-111.93687451892336,357.2898502826691,-1.0,0
2025-04-14 12:56:20,83,33.422116978305034,-111.93687451892336,357.2898502826691,-1.0,0
2025-04-14 12:56:21,83,33.422116978305034,-111.93687451892336,357.2898502826691,-1.0,0
2025-04-14 12:56:22,83,33.422116978305034,-111.93687451892336,357.2898502826691,-1.0,0
2025-04-14 12:56:23,83,33.422116978305034,-111.93687451892336,357.2898502826691,-1.0,0
2025-04-14 12:56:24,82,33.422116978305034,-111.93687451892336,357.2898502826691,-1.0,0
2025-04-14 12:56:25,82,33.422116978305034,-111.93687451892336,357.2898502826691,-1.0,0
2025-04-14 12:56:26,80,33.4221279961489,-111.93683645318319,357.2898502826691,-1.0,0
2025-04-14 12:56:27,79,33.4221279961489,-111.93683645318319,357.2898502826691,-1.0,0
2025-04-14 12:56:28,77,33.4221279961489,-111.93683645318319,357.2898502826691,-1.0,0
2025-04-14 12:56:29,76,33.4221279961489,-111.93683645318319,357.2898502826691,-1.0,0
2025-04-14 12:56:30,75,33.4221279961489,-111.93683645318319,357.2898502826691,-1.0,0
2025-04-14 12:56:31,75,33.4221279961489,-111.93683645318319,357.2898502826691,-1.0,0
2025-04-14 12:56:32,74,33.4221279961489,-111.93683645318319,357.2898502826691,-1.0,0
2025-04-14 12:56:33,73,33.42210539755186,-111.93689837462085,357.2898502826691,-1.0,0
2025-04-14 12:56:34,72,33.42210553108235,-111.93689799029653,357.2898502826691,-1.0,0
2025-04-14 12:56:35,71,33.42210553108235,-111.93689799029653,357.2898502826691,-1.0,0
2025-04-14 12:56:36,72,33.42210553108235,-111.93689799029653,357.2898502826691,-1.0,0
2025-04-14 12:56:37,74,33.42210553108235,-111.93689799029653,357.2898502826691,-1.0,0
2025-04-14 12:56:38,76,33.42210553108235,-111.93689799029653,357.2898502826691,-1.0,0
2025-04-14 12:56:39,77,33.42210553108235,-111.93689799029653,357.2898502826691,-1.0,0
2025-04-14 12:56:40,78,33.42215845130045,-111.9367791916462,357.2898502826691,-1.0,0
2025-04-14 12:56:41,78,33.42215845130045,-111.9367791916462,357.2898502826691,-1.0,0
2025-04-14 12:56:42,78,33.42215929512328,-111.93677609122317,357.2898502826691,-1.0,0
2025-04-14 12:56:43,78,33.42215929512328,-111.93677609122317,357.2898502826691,-1.0,0
2025-04-14 12:56:44,80,33.42215929512328,-111.93677609122317,357.2898502826691,-1.0,0
2025-04-14 12:56:45,82,33.42215929512328,-111.93677609122317,357.2898502826691,-1.0,0
2025-04-14 12:56:46,84,33.42215929512328,-111.93677609122317,357.2898502826691,-1.0,0
2025-04-14 12:56:47,86,33.42215929512328,-111.93677609122317,357.2898502826691,-1.0,0
2025-04-14 12:56:48,89,33.422210504205225,-111.93674187592643,357.2898502826691,-1.0,0
2025-04-14 12:56:49,91,33.422210504205225,-111.93674187592643,357.2898502826691,-1.0,0
2025-04-14 12:56:50,93,33.422210504205225,-111.93674187592643,357.2898502826691,-1.0,0
2025-04-14 12:56:51,94,33.422210504205225,-111.93674187592643,357.2898502826691,-1.0,0
2025-04-14 12:56:52,94,33.422210504205225,-111.93674187592643,357.2898502826691,-1.0,0
2025-04-14 12:56:53,92,33.422210504205225,-111.93674187592643,357.2898502826691,-1.0,0
2025-04-14 12:56:54,91,33.422162628938906,-111.93675463563766,357.2898502826691,-1.0,0
2025-04-14 12:56:55,90,33.422162628938906,-111.93675463563766,357.2898502826691,-1.0,0
2025-04-14 12:56:56,89,33.422162628938906,-111.93675463563766,357.2898502826691,-1.0,0
2025-04-14 12:56:57,88,33.422162773036774,-111.93675249453182,357.2898502826691,-1.0,0
2025-04-14 12:56:58,87,33.422162773036774,-111.93675249453182,357.2898502826691,-1.0,0
2025-04-14 12:56:59,86,33.422162773036774,-111.93675249453182,357.2898502826691,-1.0,0
2025-04-14 12:57:00,84,33.422162773036774,-111.93675249453182,357.2898502826691,-1.0,0
2025-04-14 12:57:01,83,33.422162773036774,-111.93675249453182,357.2898502826691,-1.0,0
2025-04-14 12:57:02,81,33.422162773036774,-111.93675249453182,357.2898502826691,-1.0,0
2025-04-14 12:57:03,81,33.422162773036774,-111.93675249453182,357.2898502826691,-1.0,0
2025-04-14 12:57:04,81,33.42211646753498,-111.93688155193855,357.2898502826691,-1.0,0
2025-04-14 12:57:05,81,33.42211646753498,-111.93688155193855,357.2898502826691,-1.0,0
2025-04-14 12:57:06,81,33.42211646753498,-111.93688155193855,357.2898502826691,-1.0,0
2025-04-14 12:57:07,81,33.42211646753498,-111.93688155193855,357.2898502826691,-1.0,0
2025-04-14 12:57:08,81,33.42211646753498,-111.93688155193855,357.2898502826691,-1.0,0
2025-04-14 12:57:09,82,33.42211646753498,-111.93688155193855,357.2898502826691,-1.0,0
2025-04-14 12:57:10,83,33.4221730657344,-111.93672016991276,357.2898502826691,-1.0,0
2025-04-14 12:57:11,84,33.4221730657344,-111.93672016991276,357.2898502826691,-1.0,0
2025-04-14 12:57:12,84,33.4221730657344,-111.93672016991276,357.2898502826691,-1.0,0
2025-04-14 12:57:13,84,33.4221730657344,-111.93672016991276,357.2898502826691,-1.0,0
2025-04-14 12:57:14,84,33.4221730657344,-111.93672016991276,357.2898502826691,-1.0,0
2025-04-14 12:57:15,82,33.4221730657344,-111.93672016991276,357.2898502826691,-1.0,0
2025-04-14 12:57:16,81,33.4221730657344,-111.93672016991276,357.2898502826691,-1.0,0
2025-04-14 12:57:17,80,33.42215859393069,-111.93674751318315,357.2898502826691,-1.0,0
2025-04-14 12:57:18,79,33.42215859393069,-111.93674751318315,357.2898502826691,-1.0,0
2025-04-14 12:57:19,79,33.42215876759455,-111.93674408416102,357.2898502826691,-1.0,0
2025-04-14 12:57:20,79,33.42215876759455,-111.93674408416102,357.2898502826691,-1.0,0
2025-04-14 12:57:21,78,33.42215876759455,-111.93674408416102,357.2898502826691,-1.0,0
2025-04-14 12:57:22,78,33.42215876759455,-111.93674408416102,357.2898502826691,-1.0,0
2025-04-14 12:57:23,78,33.42215876759455,-111.93674408416102,357.2898502826691,-1.0,0
2025-04-14 12:57:24,79,33.42215876759455,-111.93674408416102,357.2898502826691,-1.0,0
2025-04-14 12:57:25,80,33.42215876759455,-111.93674408416102,357.2898502826691,-1.0,0
2025-04-14 12:57:26,82,33.42214205612098,-111.93677157154146,357.2898502826691,-1.0,0
2025-04-14 12:57:27,84,33.42214205612098,-111.93677157154146,357.2898502826691,-1.0,0
2025-04-14 12:57:28,85,33.42214205612098,-111.93677157154146,357.2898502826691,-1.0,0
2025-04-14 12:57:29,87,33.42214205612098,-111.93677157154146,357.2898502826691,-1.0,0
2025-04-14 12:57:30,90,33.42214205612098,-111.93677157154146,357.2898502826691,-1.0,0
2025-04-14 12:57:31,92,33.42214205612098,-111.93677157154146,357.2898502826691,-1.0,0
2025-04-14 12:57:32,93,33.42214205612098,-111.93677157154146,357.2898502826691,-1.0,0
2025-04-14 12:57:33,94,33.422163587919485,-111.93673455818633,357.2898502826691,-1.0,0
2025-04-14 12:57:34,94,33.422163587919485,-111.93673455818633,357.2898502826691,-1.0,0
2025-04-14 12:57:35,93,33.422163587919485,-111.93673455818633,357.2898502826691,-1.0,0
2025-04-14 12:57:36,92,33.422163587919485,-111.93673455818633,357.2898502826691,-1.0,0
2025-04-14 12:57:37,92,33.422163587919485,-111.93673455818633,357.2898502826691,-1.0,0
2025-04-14 12:57:38,91,33.422163587919485,-111.93673455818633,357.2898502826691,-1.0,0
2025-04-14 12:57:39,90,33.42214039440229,-111.93679935354037,357.2898502826691,-1.0,0
2025-04-14 12:57:40,89,33.42214039440229,-111.93679935354037,357.2898502826691,-1.0,0
2025-04-14 12:57:41,88,33.42214039440229,-111.93679935354037,357.2898502826691,-1.0,0
2025-04-14 12:57:42,88,33.42214039440229,-111.93679935354037,357.2898502826691,-1.0,0
2025-04-14 12:57:43,87,33.42214039440229,-111.93679935354037,357.2898502826691,-1.0,0
2025-04-14 12:57:44,87,33.42214039440229,-111.93679935354037,357.2898502826691,-1.0,0
2025-04-14 12:57:45,87,33.422130577677436,-111.93683127314613,357.2898502826691,-1.0,0
2025-04-14 12:57:46,88,33.422130577677436,-111.93683127314613,357.2898502826691,-1.0,0
2025-04-14 12:57:47,89,33.422130577677436,-111.93683127314613,357.2898502826691,-1.0,0
2025-04-14 12:57:48,91,33.422130577677436,-111.93683127314613,357.2898502826691,-1.0,0
2025-04-14 12:57:49,94,33.422130577677436,-111.93683127314613,357.2898502826691,-1.0,0
2025-04-14 12:57:50,95,33.422130577677436,-111.93683127314613,357.2898502826691,-1.0,0
2025-04-14 12:57:51,96,33.422130577677436,-111.93683127314613,357.2898502826691,-1.0,0
2025-04-14 12:57:52,96,33.422125963353835,-111.93682879117603,357.2898502826691,-1.0,0
2025-04-14 12:57:53,96,33.422125963353835,-111.93682879117603,357.2898502826691,-1.0,0
2025-04-14 12:57:54,95,33.422125963353835,-111.93682879117603,357.2898502826691,-1.0,0
2025-04-14 12:57:55,95,33.422125963353835,-111.93682879117603,357.2898502826691,-1.0,0
2025-04-14 12:57:56,96,33.422125963353835,-111.93682879117603,357.2898502826691,-1.0,0
2025-04-14 12:57:57,98,33.422125963353835,-111.93682879117603,357.2898502826691,-1.0,0
2025-04-14 12:57:58,99,33.422125963353835,-111.93682879117603,357.2898502826691,-1.0,0
2025-04-14 12:57:59,100,33.422125963353835,-111.93682879117603,357.2898502826691,-1.0,0
2025-04-14 12:58:00,100,33.42208260912151,-111.93686417054434,357.2898502826691,-1.0,0
2025-04-14 12:58:01,100,33.42208260912151,-111.93686417054434,357.2898502826691,-1.0,0
2025-04-14 12:58:02,99,33.42208260912151,-111.93686417054434,357.2898502826691,-1.0,0
2025-04-14 12:58:03,99,33.42208260912151,-111.93686417054434,357.2898502826691,-1.0,0
2025-04-14 12:58:04,98,33.42208260912151,-111.93686417054434,357.2898502826691,-1.0,0
2025-04-14 12:58:05,98,33.42208260912151,-111.93686417054434,357.2898502826691,-1.0,0
2025-04-14 12:58:06,98,33.42208260912151,-111.93686417054434,357.2898502826691,-1.0,0
2025-04-14 12:58:07,98,33.42212362976143,-111.93680722072061,357.2898502826691,-1.0,0
2025-04-14 12:58:08,98,33.42212362976143,-111.93680722072061,357.2898502826691,-1.0,0
2025-04-14 12:58:09,98,33.42212362976143,-111.93680722072061,357.2898502826691,-1.0,0
2025-04-14 12:58:10,99,33.42212362976143,-111.93680722072061,357.2898502826691,-1.0,0
2025-04-14 12:58:11,100,33.42212362976143,-111.93680722072061,357.2898502826691,-1.0,0
2025-04-14 12:58:12,102,33.42212362976143,-111.93680722072061,357.2898502826691,-1.0,0
2025-04-14 12:58:13,103,33.42218047357101,-111.93670175035946,357.2898502826691,-1.0,0
2025-04-14 12:58:14,103,33.42218047357101,-111.93670175035946,357.2898502826691,-1.0,0
2025-04-14 12:58:15,102,33.42218047357101,-111.93670175035946,357.2898502826691,-1.0,0
2025-04-14 12:58:16,102,33.42218047357101,-111.93670175035946,357.2898502826691,-1.0,0
2025-04-14 12:58:17,101,33.42218047357101,-111.93670175035946,357.2898502826691,-1.0,0
2025-04-14 12:58:18,100,33.42218047357101,-111.93670175035946,357.2898502826691,-1.0,0
2025-04-14 12:58:19,99,33.42218047357101,-111.93670175035946,357.2898502826691,-1.0,0
2025-04-14 12:58:20,98,33.42218047357101,-111.93670175035946,357.2898502826691,-1.0,0
2025-04-14 12:58:21,97,33.42218047357101,-111.93670175035946,357.2898502826691,-1.0,0
2025-04-14 12:58:22,96,33.42218047357101,-111.93670175035946,357.2898502826691,-1.0,0
2025-04-14 12:58:23,96,33.42216948511878,-111.93674038722683,357.2898502826691,-1.0,0
2025-04-14 12:58:24,95,33.42216948511878,-111.93674038722683,357.2898502826691,-1.0,0
2025-04-14 12:58:25,95,33.422169659106224,-111.93673959891069,357.2898502826691,-1.0,0
2025-04-14 12:58:26,95,33.422169659106224,-111.93673959891069,357.2898502826691,-1.0,0
2025-04-14 12:58:27,95,33.422169659106224,-111.93673959891069,357.2898502826691,-1.0,0
2025-04-14 12:58:28,95,33.422169659106224,-111.93673959891069,357.2898502826691,-1.0,0
2025-04-14 12:58:29,95,33.422169659106224,-111.93673959891069,357.2898502826691,-1.0,0
2025-04-14 12:58:30,96,33.422169659106224,-111.93673959891069,357.2898502826691,-1.0,0
2025-04-14 12:58:31,97,33.422169659106224,-111.93673959891069,357.2898502826691,-1.0,0
2025-04-14 12:58:32,97,33.422169659106224,-111.93673959891069,357.2898502826691,-1.0,0
2025-04-14 12:58:33,98,33.422169659106224,-111.93673959891069,357.2898502826691,-1.0,0
2025-04-14 12:58:34,97,33.42217990265496,-111.93672634341156,357.2898502826691,-1.0,0
2025-04-14 12:58:35,97,33.42217990265496,-111.93672634341156,357.2898502826691,-1.0,0
2025-04-14 12:58:36,96,33.42217990265496,-111.93672634341156,357.2898502826691,-1.0,0
2025-04-14 12:58:37,94,33.42217990265496,-111.93672634341156,357.2898502826691,-1.0,0
2025-04-14 12:58:38,93,33.42217990265496,-111.93672634341156,357.2898502826691,-1.0,0
2025-04-14 12:58:39,92,33.42217990265496,-111.93672634341156,357.2898502826691,-1.0,0
2025-04-14 12:58:40,92,33.42216516736844,-111.93674942096533,357.2898502826691,-1.0,0
2025-04-14 12:58:41,93,33.42216516736844,-111.93674942096533,357.2898502826691,-1.0,0
2025-04-14 12:58:42,94,33.42216516736844,-111.93674942096533,357.2898502826691,-1.0,0
2025-04-14 12:58:43,94,33.42216516736844,-111.93674942096533,357.2898502826691,-1.0,0
2025-04-14 12:58:44,94,33.42216516736844,-111.93674942096533,357.2898502826691,-1.0,0
2025-04-14 12:58:45,93,33.42216516736844,-111.93674942096533,357.2898502826691,-1.0,0
2025-04-14 12:58:46,92,33.42216516736844,-111.93674942096533,357.2898502826691,-1.0,0
2025-04-14 12:58:47,91,33.42216516736844,-111.93674942096533,357.2898502826691,-1.0,0
2025-04-14 12:58:48,91,33.42216206129313,-111.93674759057761,357.2898502826691,-1.0,0
2025-04-14 12:58:49,91,33.42216206129313,-111.93674759057761,357.2898502826691,-1.0,0
2025-04-14 12:58:50,91,33.42215577821548,-111.93674240256482,357.2898502826691,-1.0,0
2025-04-14 12:58:51,92,33.42215577821548,-111.93674240256482,357.2898502826691,-1.0,0
2025-04-14 12:58:52,93,33.42215577821548,-111.93674240256482,357.2898502826691,-1.0,0
2025-04-14 12:58:53,94,33.42215577821548,-111.93674240256482,357.2898502826691,-1.0,0
2025-04-14 12:58:54,95,33.42215577821548,-111.93674240256482,357.2898502826691,-1.0,0
2025-04-14 12:58:55,95,33.42215577821548,-111.93674240256482,357.2898502826691,-1.0,0
2025-04-14 12:58:56,95,33.42215577821548,-111.93674240256482,357.2898502826691,-1.0,0
2025-04-14 12:58:57,95,33.422162235219695,-111.93672553816107,357.2898502826691,-1.0,0
2025-04-14 12:58:58,95,33.422162235219695,-111.93672553816107,357.2898502826691,-1.0,0
2025-04-14 12:58:59,95,33.422162235219695,-111.93672553816107,357.2898502826691,-1.0,0
2025-04-14 12:59:00,96,33.422162235219695,-111.93672553816107,357.2898502826691,-1.0,0
2025-04-14 12:59:01,97,33.422162235219695,-111.93672553816107,357.2898502826691,-1.0,0
2025-04-14 12:59:02,97,33.422162235219695,-111.93672553816107,357.2898502826691,-1.0,0
2025-04-14 12:59:03,97,33.422162235219695,-111.93672553816107,357.2898502826691,-1.0,0
2025-04-14 12:59:04,96,33.422162235219695,-111.93672553816107,357.2898502826691,-1.0,0
2025-04-14 12:59:05,94,33.422162235219695,-111.93672553816107,357.2898502826691,-1.0,0
2025-04-14 12:59:06,93,33.422162235219695,-111.93672553816107,357.2898502826691,-1.0,0
2025-04-14 12:59:07,91,33.422162235219695,-111.93672553816107,357.2898502826691,-1.0,0
2025-04-14 12:59:08,90,33.42212376893398,-111.93685572276023,357.2898502826691,-1.0,0
2025-04-14 12:59:09,90,33.42212376893398,-111.93685572276023,357.2898502826691,-1.0,0
2025-04-14 12:59:10,90,33.42212273201762,-111.93685799465032,357.2898502826691,-1.0,0
2025-04-14 12:59:11,90,33.42212273201762,-111.93685799465032,357.2898502826691,-1.0,0
2025-04-14 12:59:12,90,33.42212273201762,-111.93685799465032,357.2898502826691,-1.0,0
2025-04-14 12:59:13,91,33.42212273201762,-111.93685799465032,357.2898502826691,-1.0,0
2025-04-14 12:59:14,91,33.42212273201762,-111.93685799465032,357.2898502826691,-1.0,0
2025-04-14 12:59:15,91,33.42212273201762,-111.93685799465032,357.2898502826691,-1.0,0
2025-04-14 12:59:16,92,33.42212273201762,-111.93685799465032,357.2898502826691,-1.0,0
2025-04-14 12:59:17,92,33.42212273201762,-111.93685799465032,357.2898502826691,-1.0,0
2025-04-14 12:59:18,92,33.42212273201762,-111.93685799465032,357.2898502826691,-1.0,0
2025-04-14 12:59:19,93,33.42212273201762,-111.93685799465032,357.2898502826691,-1.0,0
2025-04-14 12:59:20,95,33.42213224015535,-111.93682161007501,357.2898502826691,-1.0,0
2025-04-14 12:59:21,97,33.42213224015535,-111.93682161007501,357.2898502826691,-1.0,0
2025-04-14 12:59:22,99,33.42213224015535,-111.93682161007501,357.2898502826691,-1.0,0
2025-04-14 12:59:23,100,33.42213224015535,-111.93682161007501,357.2898502826691,-1.0,0
2025-04-14 12:59:24,100,33.42213224015535,-111.93682161007501,357.2898502826691,-1.0,0
2025-04-14 12:59:25,99,33.42213224015535,-111.93682161007501,357.2898502826691,-1.0,0
2025-04-14 12:59:26,99,33.42213224015535,-111.93682161007501,357.2898502826691,-1.0,0
2025-04-14 12:59:27,98,33.42213049758539,-111.93683761610366,357.2898502826691,-1.0,0
2025-04-14 12:59:28,97,33.42213049758539,-111.93683761610366,357.2898502826691,-1.0,0
2025-04-14 12:59:29,95,33.42213049758539,-111.93683761610366,357.2898502826691,-1.0,0
2025-04-14 12:59:30,94,33.42213049758539,-111.93683761610366,357.2898502826691,-1.0,0
2025-04-14 12:59:31,92,33.42213049758539,-111.93683761610366,357.2898502826691,-1.0,0
2025-04-14 12:59:32,91,33.42213049758539,-111.93683761610366,357.2898502826691,-1.0,0
2025-04-14 12:59:33,89,33.42213518198242,-111.93681210366445,357.2898502826691,-1.0,0
2025-04-14 12:59:34,89,33.42213518198242,-111.93681210366445,357.2898502826691,-1.0,0
2025-04-14 12:59:35,89,33.42213518198242,-111.93681210366445,357.2898502826691,-1.0,0
2025-04-14 12:59:36,89,33.42213518198242,-111.93681210366445,357.2898502826691,-1.0,0
2025-04-14 12:59:37,88,33.42213518198242,-111.93681210366445,357.2898502826691,-1.0,0
2025-04-14 12:59:38,88,33.42213518198242,-111.93681210366445,357.2898502826691,-1.0,0
2025-04-14 12:59:39,88,33.42213518198242,-111.93681210366445,357.2898502826691,-1.0,0
2025-04-14 12:59:40,87,33.422125069241474,-111.93685977905302,357.2898502826691,-1.0,0
2025-04-14 12:59:41,87,33.422125069241474,-111.93685977905302,357.2898502826691,-1.0,0
2025-04-14 12:59:42,88,33.422125069241474,-111.93685977905302,357.2898502826691,-1.0,0
2025-04-14 12:59:43,90,33.422125069241474,-111.93685977905302,357.2898502826691,-1.0,0
2025-04-14 12:59:44,93,33.422125069241474,-111.93685977905302,357.2898502826691,-1.0,0
2025-04-14 12:59:45,96,33.422125069241474,-111.93685977905302,357.2898502826691,-1.0,0
2025-04-14 12:59:46,98,33.42214790249972,-111.93679342080247,357.2898502826691,-1.0,0
2025-04-14 12:59:47,99,33.42214790249972,-111.93679342080247,357.2898502826691,-1.0,0
2025-04-14 12:59:48,99,33.42214790249972,-111.93679342080247,357.2898502826691,-1.0,0
2025-04-14 12:59:49,98,33.42214790249972,-111.93679342080247,357.2898502826691,-1.0,0
2025-04-14 12:59:50,98,33.42214790249972,-111.93679342080247,357.2898502826691,-1.0,0
2025-04-14 12:59:51,99,33.42214790249972,-111.93679342080247,357.2898502826691,-1.0,0
2025-04-14 12:59:52,100,33.42214790249972,-111.93679342080247,357.2898502826691,-1.0,0
2025-04-14 12:59:53,99,33.422157085201746,-111.93678599904158,357.2898502826691,-1.0,0
2025-04-14 12:59:54,99,33.42215767453797,-111.93678354038326,357.2898502826691,-1.0,0
2025-04-14 12:59:55,98,33.42215767453797,-111.93678354038326,357.2898502826691,-1.0,0
2025-04-14 12:59:56,97,33.42215767453797,-111.93678354038326,357.2898502826691,-1.0,0
2025-04-14 12:59:57,97,33.42215767453797,-111.93678354038326,357.2898502826691,-1.0,0
2025-04-14 12:59:58,96,33.42215767453797,-111.93678354038326,357.2898502826691,-1.0,0
2025-04-14 12:59:59,96,33.42215767453797,-111.93678354038326,357.2898502826691,-1.0,0
2025-04-14 13:00:00,97,33.42215767453797,-111.93678354038326,357.2898502826691,-1.0,0
2025-04-14 13:00:01,97,33.42189100049559,-111.93728282377981,357.2898502826691,-1.0,0
2025-04-14 13:00:02,97,33.42209698034811,-111.93726388975588,358.675480639562,0.952349299464411,0
2025-04-14 13:00:03,97,33.42217449564795,-111.93726371640676,357.66027631796896,1.0464393761728232,0
2025-04-14 13:00:04,97,33.42220015222469,-111.93725895254234,357.51737553067505,0.7110102145552882,0
2025-04-14 13:00:05,98,33.42221375008486,-111.93724787100444,357.3338257558644,0.3616939943969323,0
2025-04-14 13:00:06,98,33.42221169461709,-111.93726238684368,357.0363233285025,1.1619034281071943,0
2025-04-14 13:00:07,99,33.422189430551526,-111.93731024184177,357.06126686371863,0.9967650629394177,0
2025-04-14 13:00:08,100,33.422168588988725,-111.93734179415925,356.7477325964719,0.8898361801048587,0
2025-04-14 13:00:09,101,33.422142873062725,-111.93736956619196,356.5944810351357,0.4101925653542387,0
2025-04-14 13:00:10,101,33.422122866003114,-111.93739646686669,356.6024747155607,0.5024215492202682,0
2025-04-14 13:00:11,101,33.42210608024787,-111.93745330484445,356.4381718756631,0.9388799550744517,0
2025-04-14 13:00:12,101,33.422091739394915,-111.9374487749867,356.5534024052322,0.6609202497404759,0
2025-04-14 13:00:13,102,33.422104565328176,-111.93749141456581,356.7607180410996,1.6062401213725264,0
2025-04-14 13:00:14,102,33.422116310160625,-111.93756656074571,356.67078503221273,2.3001740473978143,0
2025-04-14 13:00:15,102,33.422128485024665,-111.93759307861971,356.79010084830225,2.6555518444015083,0
2025-04-14 13:00:16,101,33.42211636712436,-111.93759505956614,356.44562469329685,1.5127028974321914,0
2025-04-14 13:00:17,100,33.422107688416034,-111.93760401892992,356.67163993418217,0.976362928843302,0
2025-04-14 13:00:18,99,33.42210523676528,-111.9376149158959,356.4861687524244,1.1934378720206889,0
2025-04-14 13:00:19,98,33.42210927410068,-111.93763490381068,356.57481869403273,1.2750672437749704,0
2025-04-14 13:00:20,98,33.42211988124274,-111.93766729719009,356.49768717214465,1.5070229571593354,0
2025-04-14 13:00:21,97,33.42209542404214,-111.93782200168955,356.5208832845092,3.006568682212807,0
2025-04-14 13:00:22,97,33.42208313551779,-111.93785705724976,356.86154006328434,2.237073177642415,0
2025-04-14 13:00:23,96,33.422060948613634,-111.93791279468944,356.78152481652796,2.5094634284528143,0
2025-04-14 13:00:24,97,33.42205705110749,-111.93793675056503,356.85524946358055,2.5818294887194972,0
2025-04-14 13:00:25,98,33.42208141646958,-111.93796767864117,356.34523813519627,2.2956297584969176,0
2025-04-14 13:00:26,99,33.42208325399036,-111.93803074203419,355.9297908935696,2.2026799721387147,0
2025-04-14 13:00:27,99,33.42209264754155,-111.93808157522403,355.2596846735105,2.3973693938432796,0
2025-04-14 13:00:28,99,33.422086574696905,-111.9381200744054,355.0556723671034,2.7284609494203247,0
2025-04-14 13:00:29,99,33.422074194992355,-111.93816351060526,354.9245691029355,3.0791251454437156,0
2025-04-14 13:00:30,98,33.42205980980597,-111.93820460990777,354.76881406642497,3.2673026519988135,0
2025-04-14 13:00:31,98,33.42206449140371,-111.93824454623562,356.63471477199346,2.825249047222617,0
2025-04-14 13:00:32,99,33.422064987928074,-111.93827960778647,355.90128883719444,2.67795713022376,0
2025-04-14 13:00:33,99,33.422057764716016,-111.938332865931,355.95496478211135,3.4568918526570256,0
2025-04-14 13:00:34,100,33.422049224045985,-111.93838618173535,355.3783317627385,3.9717039225530244,0
2025-04-14 13:00:35,100,33.42204304152558,-111.93843204990937,355.2414954137057,3.8362736408174745,0
2025-04-14 13:00:36,100,33.422049083365856,-111.93848877904743,355.78648390900344,4.2875744090452885,0
2025-04-14 13:00:37,100,33.422051095207,-111.93854142505529,355.9324094550684,4.378865806693687,0
2025-04-14 13:00:38,100,33.422050280908614,-111.93859501740747,355.9145857496187,4.518350313716913,0
2025-04-14 13:00:39,99,33.422045675319886,-111.93864569805976,356.108321714215,4.473669581489942,0
2025-04-14 13:00:40,99,33.422046266361114,-111.93869903706732,355.9699306059629,4.5597934747071855,0
2025-04-14 13:00:41,98,33.42204663790827,-111.93875218344078,356.0379865486175,4.689737051424319,0
2025-04-14 13:00:42,98,33.42206016871325,-111.938805761537,356.6127417059615,4.626066778176788,0
2025-04-14 13:00:43,97,33.4220595258955,-111.93884107008142,356.31879746261984,3.8358358449569088,0
2025-04-14 13:00:44,97,33.42206305227833,-111.93885929461348,355.9216654924676,2.6794793476843872,0
2025-04-14 13:00:45,97,33.422060816965086,-111.9388786495439,355.074590113014,2.136348261039849,0
2025-04-14 13:00:46,97,33.42205528473128,-111.93890608909219,355.1565354494378,2.146713206483237,0
2025-04-14 13:00:47,97,33.42205564322834,-111.93893390617917,355.1323919268325,2.2406029425731475,0
2025-04-14 13:00:48,97,33.42205982201166,-111.938963098119,355.0995046040043,2.2749767130469394,0
2025-04-14 13:00:49,96,33.42205528410016,-111.93898710983197,355.28585427068174,2.2167546237763895,0
2025-04-14 13:00:50,95,33.422057695924074,-111.93901701736252,355.09491880517453,2.3453782656332214,0
2025-04-14 13:00:51,95,33.422047782665864,-111.9390662030838,354.3257642230019,3.263896108764575,0
2025-04-14 13:00:52,94,33.422052756772935,-111.93911442408798,354.3089874247089,3.5156265702775067,0
2025-04-14 13:00:53,94,33.42206077976693,-111.9391578087537,354.59820873942226,3.575881833207618,0
2025-04-14 13:00:54,94,33.42206010205991,-111.9392156267577,354.8258988475427,4.046575844058056,0
2025-04-14 13:00:55,94,33.42207769384883,-111.939265738085,355.2487910166383,3.946129481651539,0
2025-04-14 13:00:56,93,33.42207407530747,-111.93931609245354,354.73797478247434,3.7121173743625957,0
2025-04-14 13:00:57,93,33.42206947389672,-111.9393686259391,354.0373663492501,3.5288074120969037,0
2025-04-14 13:00:58,93,33.42207626987043,-111.93944217693031,355.00385985616595,3.8110867763294385,0
2025-04-14 13:00:59,93,33.42208678078065,-111.93949497761199,355.4321395866573,3.6667555162246575,0
2025-04-14 13:01:00,93,33.42207676419228,-111.93952259109786,355.8796411976218,2.693868539262193,0
2025-04-14 13:01:01,92,33.42208159509916,-111.93956298451126,355.69358663260937,2.70944106589816,0
2025-04-14 13:01:02,92,33.42208153558812,-111.93958165544046,355.3378257388249,2.0351019002351447,0
2025-04-14 13:01:03,92,33.42207632345636,-111.93961117908289,355.3050147956237,1.997900274017798,0
2025-04-14 13:01:04,92,33.422063607610525,-111.93964799895247,355.30423875153065,2.4337042058908778,0
2025-04-14 13:01:05,93,33.422061019077624,-111.93968224654789,354.78697744291276,2.232666305338855,0
2025-04-14 13:01:06,94,33.422055269855996,-111.93971063512782,354.8181148990989,2.1834550162798854,0
2025-04-14 13:01:07,95,33.422070482784854,-111.93975076101852,354.9839607803151,2.3776993377745543,0
2025-04-14 13:01:08,95,33.42208440711728,-111.93980964116282,354.7081934539601,3.5406262364419043,0
2025-04-14 13:01:09,95,33.42208723888215,-111.93984891007443,353.9321481557563,3.0121708896692643,0
2025-04-14 13:01:10,95,33.4220784268052,-111.93989824623036,354.4260799298063,3.321575861291291,0
2025-04-14 13:01:11,95,33.42207544117563,-111.93992921573808,354.6966782519594,2.6860151264604393,0
2025-04-14 13:01:12,94,33.422081644515046,-111.93997659678496,355.28575685527176,2.8246855788971583,0
2025-04-14 13:01:13,94,33.42208252992056,-111.94003683938357,355.7403164040297,3.4218036285994264,0
2025-04-14 13:01:14,94,33.422074975843664,-111.94008675336761,355.74707901570946,3.9297596895099653,0
2025-04-14 13:01:15,95,33.4220722056037,-111.94013208379933,355.6066728020087,3.9311213935047564,0
2025-04-14 13:01:16,96,33.42207671869233,-111.94017398279237,355.45450777281076,3.7128832792957085,0
2025-04-14 13:01:17,96,33.42207548980005,-111.94021324479718,356.19124905206263,3.5844960981950686,0
2025-04-14 13:01:18,96,33.422072402185634,-111.9402378242422,355.9994023218751,2.7375620364315605,0
2025-04-14 13:01:19,95,33.42206285825204,-111.9402576307874,355.91617179848254,2.0946230136850734,0
2025-04-14 13:01:20,95,33.4220511669431,-111.94026344686226,356.0312121901661,1.4690842836868128,0
2025-04-14 13:01:21,94,33.42204659650744,-111.94026530832325,355.70837384369224,0.9843897014424846,0
2025-04-14 13:01:22,93,33.42204808875644,-111.94026526724129,355.6127849649638,0.3168205293563768,0
2025-04-14 13:01:23,92,33.42204904156168,-111.94027117562011,355.8153784228489,0.16651879271949308,0
2025-04-14 13:01:24,91,33.42204991380095,-111.94027173782544,355.82191890571266,0.0,0
2025-04-14 13:01:25,91,33.42204991380095,-111.94027173782544,355.82191890571266,0.0,0
2025-04-14 13:01:26,90,33.42204991380095,-111.94027173782544,355.82191890571266,0.0,0
2025-04-14 13:01:27,90,33.42204991380095,-111.94027173782544,355.82191890571266,0.0,0
2025-04-14 13:01:28,89,33.42204736740518,-111.94027110668058,356.0441028662026,0.02627521509045392,0
2025-04-14 13:01:29,89,33.42204758101576,-111.94027101546797,356.0350353559479,0.0,0
2025-04-14 13:01:30,89,33.42204587676141,-111.94027154809392,356.2586788898334,0.06036596944766034,0
2025-04-14 13:01:31,89,33.42204645773832,-111.94027183804788,356.15038924012333,0.0,0
2025-04-14 13:01:32,89,33.42204645773832,-111.94027183804788,356.15038924012333,0.0,0
2025-04-14 13:01:33,89,33.422043770565594,-111.94027550589811,356.35104628652334,0.11289411616405902,0
2025-04-14 13:01:34,89,33.422044112128745,-111.9402747380289,356.3461511163041,0.02486465656409919,0
2025-04-14 13:01:35,88,33.4220432488191,-111.9402761785076,356.38590595312417,0.02900888723177584,0
2025-04-14 13:01:36,88,33.42204261757048,-111.94027637426463,356.3526587188244,0.058579250121440885,0
2025-04-14 13:01:37,86,33.422042807051184,-111.94027321791626,356.0140787316486,0.16043274068039276,0
2025-04-14 13:01:38,86,33.422043782692036,-111.94027239631625,355.98158719204366,0.0,0
2025-04-14 13:01:39,86,33.422043782692036,-111.94027239631625,355.98158719204366,0.0,0
2025-04-14 13:01:40,87,33.422043782692036,-111.94027239631625,355.98158719204366,0.0,0
2025-04-14 13:01:41,89,33.42204188199082,-111.94027708599076,356.0579923503101,0.0231967602529929,0
2025-04-14 13:01:42,91,33.422041576239806,-111.94027812442201,355.9318111902103,0.0,0
2025-04-14 13:01:43,92,33.42204133700045,-111.94027694641144,355.8641814580187,0.0,0
2025-04-14 13:01:44,92,33.42204133700045,-111.94027694641144,355.8641814580187,0.0,0
2025-04-14 13:01:45,91,33.42204133700045,-111.94027694641144,355.8641814580187,0.0,0
2025-04-14 13:01:46,91,33.42204281376711,-111.94027510461675,355.9872869364917,0.022881830434276173,0
2025-04-14 13:01:47,90,33.42204059487585,-111.9402760914976,355.90630464814603,0.2393549226000665,0
2025-04-14 13:01:48,89,33.42204288321484,-111.94027556413144,356.03314349614084,0.030510604050231812,0
2025-04-14 13:01:49,89,33.422042746704236,-111.94027363398376,356.0912297964096,0.13925330602365854,0
2025-04-14 13:01:50,89,33.42204241341256,-111.9402723988647,356.1936068981886,0.06187466147684358,0
2025-04-14 13:01:51,90,33.4220422325194,-111.94027135662785,356.152306326665,0.11117442159264361,0
2025-04-14 13:01:52,89,33.422042742415904,-111.94027022485034,356.15207978058606,0.03514517217223349,0
2025-04-14 13:01:53,89,33.42204277399948,-111.94027007673508,356.15085373446345,0.03317685730412277,0
2025-04-14 13:01:54,88,33.4220422673897,-111.94026907718577,356.0396269625053,0.10928271188624372,0
2025-04-14 13:01:55,89,33.42204023085487,-111.940272047445,356.2259809197858,0.16747293579980382,0
2025-04-14 13:01:56,90,33.422040544867166,-111.94026948518777,356.18350561801344,0.09535363227034323,0
2025-04-14 13:01:57,91,33.42204102610195,-111.94026906387676,355.9820858705789,0.08284755637325386,0
2025-04-14 13:01:58,92,33.422041125301945,-111.9402682836923,356.01762382220477,0.0864961612953052,0
2025-04-14 13:01:59,93,33.422042726633414,-111.94026829811631,355.9231001837179,0.028945607769293554,0
2025-04-14 13:02:00,93,33.4220431103279,-111.94026843394606,355.9053693767637,0.0,0
2025-04-14 13:02:01,93,33.42204131116166,-111.94026849903376,355.88982846122235,0.05289391176527306,0
2025-04-14 13:02:02,92,33.42204088915625,-111.94027046428387,355.8827788764611,0.15723223025056252,0
2025-04-14 13:02:03,92,33.42203965828547,-111.94026989243274,355.9739279644564,0.1808889728085608,0
2025-04-14 13:02:04,91,33.422039696031,-111.94026721248399,355.87927047815174,0.06621810221415701,0
2025-04-14 13:02:05,92,33.422038764485826,-111.94026814187079,355.9485655752942,0.1507005187838334,0
2025-04-14 13:02:06,92,33.42203935051112,-111.9402680164185,355.9570981701836,0.0,0
2025-04-14 13:02:07,93,33.42203935051112,-111.9402680164185,355.9570981701836,0.0,0
2025-04-14 13:02:08,93,33.42203935051112,-111.9402680164185,355.9570981701836,0.0,0
2025-04-14 13:02:09,92,33.42203935051112,-111.9402680164185,355.9570981701836,0.0,0
2025-04-14 13:02:10,91,33.42203935051112,-111.9402680164185,355.9570981701836,0.0,0
2025-04-14 13:02:11,90,33.42203793754859,-111.94026806442395,355.8666213462129,0.04769578658128865,0
2025-04-14 13:02:12,88,33.42203708306463,-111.94026842953448,355.9329480677843,0.04925804959226156,0
2025-04-14 13:02:13,86,33.422035852898894,-111.94026952700362,355.874308318831,0.05267559693207514,0
2025-04-14 13:02:14,85,33.42203597397576,-111.94026946803267,355.87533010262996,0.0,0
2025-04-14 13:02:15,85,33.42203597397576,-111.94026946803267,355.87533010262996,0.0,0
2025-04-14 13:02:16,86,33.422033686727275,-111.94026806074385,355.56437444407493,0.09721014714305788,0
2025-04-14 13:02:17,88,33.4220325085083,-111.94026829045272,355.52006169222295,0.03786511798259281,0
2025-04-14 13:02:18,89,33.42203153279951,-111.94026785886645,355.5241166613996,0.10346045274026318,0
2025-04-14 13:02:19,92,33.422025554808194,-111.94026507544905,355.55369357950985,0.519952312678723,0
2025-04-14 13:02:20,95,33.42202534529534,-111.94025282874644,354.8928849035874,0.6473218857633061,0
2025-04-14 13:02:21,98,33.422007091082406,-111.94024329511359,354.8193685039878,1.0765088272144319,0
2025-04-14 13:02:22,100,33.42198486654744,-111.94024695457794,354.7521562408656,1.6659690498525876,0
2025-04-14 13:02:23,102,33.42195157977909,-111.94025530971676,354.6178769301623,2.6930875413444926,0
2025-04-14 13:02:24,104,33.42192719923402,-111.94025833237029,355.1385393887758,2.623685642955581,0
2025-04-14 13:02:25,105,33.421907110580776,-111.94026235597019,355.27031015139073,2.407232581753544,0
2025-04-14 13:02:26,106,33.421873010668214,-111.94025918046623,355.1883443016559,2.990490827813068,0
2025-04-14 13:02:27,105,33.421836592512534,-111.94024157871128,355.1753316586837,3.6764040405171814,0
2025-04-14 13:02:28,105,33.42179876077534,-111.94022948891916,354.97791782487184,4.0211650603728115,0
2025-04-14 13:02:29,104,33.421765653457456,-111.94022605057626,355.0589045211673,3.6546888271876035,0
2025-04-14 13:02:30,103,33.42175266361026,-111.9402167216294,354.2873044181615,2.5364474643197656,0
2025-04-14 13:02:31,102,33.4217296564167,-111.94020961349759,354.57800406217575,2.4844069734643868,0
2025-04-14 13:02:32,102,33.421718867471306,-111.94018126095122,354.05651112273335,2.455999414836447,0
2025-04-14 13:02:33,103,33.42170023387978,-111.94016622769989,354.19236460886896,2.374198877552007,0
2025-04-14 13:02:34,103,33.42164968323166,-111.94018934042484,354.7159099550918,2.809752223072912,0
2025-04-14 13:02:35,103,33.42160817501591,-111.94018805183381,355.3233800409362,3.19819945256732,0
2025-04-14 13:02:36,103,33.421578160330064,-111.94018840065803,355.7922679595649,2.9944976833170727,0
2025-04-14 13:02:37,102,33.421537549139536,-111.94018930044673,356.0296606235206,3.526414403196514,0
2025-04-14 13:02:38,101,33.42149215914797,-111.94019394871775,356.4639957593754,3.901318514690727,0
2025-04-14 13:02:39,101,33.42144441924245,-111.94020389300915,356.49375928752124,3.907086247549568,0
2025-04-14 13:02:40,101,33.421401906243474,-111.94020044675304,355.9354518223554,3.7535036592143705,0
2025-04-14 13:02:41,101,33.42137658282562,-111.94020789854511,355.59776520356536,2.9400784114492553,0
2025-04-14 13:02:42,102,33.42134052866837,-111.94019024363304,355.57838233653456,2.82888156775773,0
2025-04-14 13:02:43,102,33.42130058040812,-111.94017460980528,355.4278987767175,3.5463477431045964,0
2025-04-14 13:02:44,101,33.42125619754957,-111.94016415352576,355.32284774351865,4.103436657141374,0
2025-04-14 13:02:45,101,33.421207651321865,-111.94017144191812,355.169354243204,4.6323096725113855,0
2025-04-14 13:02:46,100,33.421159211290075,-111.94018273096286,355.7684728903696,4.859812093292533,0
2025-04-14 13:02:47,99,33.421106430470395,-111.94018591110228,356.272618342191,5.158460856137055,0
2025-04-14 13:02:48,98,33.42105870157243,-111.94017521102046,355.7380414744839,5.288960404958952,0
2025-04-14 13:02:49,98,33.421005036268134,-111.94017134453308,355.62216214835644,5.618535263683031,0
2025-04-14 13:02:50,98,33.42094718433033,-111.9401731155051,355.7636776305735,5.9645296795547225,0
2025-04-14 13:02:51,97,33.42089485883264,-111.94016252681193,356.4690724266693,5.908593324104976,0
2025-04-14 13:02:52,96,33.42084209777369,-111.94007145496674,355.7007015151903,5.785865740518556,0
2025-04-14 13:02:53,95,33.42079108881148,-111.94007035029315,356.2011567130685,5.461233009363869,0
2025-04-14 13:02:54,93,33.420747733989955,-111.94007040416714,355.8021995490417,5.041803087893442,0
2025-04-14 13:02:55,92,33.420700640183796,-111.94006965646918,355.70047672465444,5.095022007038226,0
2025-04-14 13:02:56,90,33.42065587541631,-111.94006894574649,356.28596285916865,4.9894441514799,0
2025-04-14 13:02:57,89,33.42062149238837,-111.94006839985839,355.2904461398721,4.262538071108714,0
2025-04-14 13:02:58,89,33.42059280069517,-111.94006794432696,355.30937631987035,3.577445461351989,0
2025-04-14 13:02:59,89,33.42056726485968,-111.94006753890186,354.92881340533495,3.1035551297226442,0
2025-04-14 13:03:00,89,33.42054793051882,-111.94006723193534,354.9020110294223,2.4856204490720666,0
2025-04-14 13:03:01,89,33.42052971183866,-111.94006694268354,354.34502486139536,2.4219228183544907,0
2025-04-14 13:03:02,89,33.420496952424905,-111.94006642256974,354.57246062438935,2.9892133877508313,0
2025-04-14 13:03:03,88,33.420457874409664,-111.940065802149,354.52476373594254,3.666426061225717,0
2025-04-14 13:03:04,88,33.42042512152393,-111.9400652821487,354.4179064091295,3.95029318561607,0
2025-04-14 13:03:05,87,33.420389222643266,-111.9400647121993,354.7722396394238,4.041129939057637,0
2025-04-14 13:03:06,87,33.420354545648834,-111.94006416165244,354.4141815667972,3.8345515036924294,0
2025-04-14 13:03:07,88,33.420310010443906,-111.94006439793505,354.0623404784128,4.324538344917748,0
2025-04-14 13:03:08,89,33.42026793558602,-111.94006394150064,353.2437158180401,4.503735624007884,0
2025-04-14 13:03:09,90,33.420226787718924,-111.94006349511847,353.30314997024834,4.433343482971954,0
2025-04-14 13:03:10,90,33.42017252072092,-111.9400629064163,353.45569838956,5.069111017892606,0
2025-04-14 13:03:11,91,33.420118050256384,-111.94006231550703,353.5375986751169,5.541780467176657,0
2025-04-14 13:03:12,92,33.42006724425276,-111.94006176435133,353.56525270361453,5.540154112060939,0
2025-04-14 13:03:13,93,33.42001877623845,-111.94006123855996,353.2852615052834,5.495009194423593,0
2025-04-14 13:03:14,93,33.419949857471885,-111.94006049091196,353.46622129157186,6.354241792508684,0
2025-04-14 13:03:15,93,33.41989171994728,-111.940059860223,353.2485432010144,6.420158604911973,0
2025-04-14 13:03:16,94,33.419829896169546,-111.94005918954406,353.2337753213942,6.663021328675841,0
2025-04-14 13:03:17,94,33.41976859110524,-111.94005852449132,353.3612419590354,6.729987753526453,0
2025-04-14 13:03:18,94,33.41971121204812,-111.94005790203066,353.07789587415755,6.494285418440645,0
2025-04-14 13:03:19,94,33.419645156951255,-111.9400571854477,353.4369334420189,6.778790372814892,0
2025-04-14 13:03:20,93,33.41957977734753,-111.94005599112282,353.54384440742433,6.9706073341264,0
2025-04-14 13:03:21,91,33.41951441306551,-111.94005466393003,353.3657180033624,7.073093956550232,0
2025-04-14 13:03:22,88,33.419448588373406,-111.94005332738807,353.3389903726056,7.072544143172461,0
2025-04-14 13:03:23,87,33.41938892077375,-111.9400522283321,353.1127534080297,6.84541045364926,0
2025-04-14 13:03:24,87,33.41932902656953,-111.94005116163616,353.09962403029203,6.583144354100131,0
2025-04-14 13:03:25,88,33.41928147656511,-111.94005031478618,353.16002618148923,5.695490841997892,0
2025-04-14 13:03:26,89,33.419240423553475,-111.9400495836454,353.17724916525185,4.909399022612839,0
2025-04-14 13:03:27,90,33.41920235305223,-111.9400489056214,353.3838187530637,4.3847206911633245,0
2025-04-14 13:03:28,92,33.41917072718793,-111.94004834237421,353.523000610061,3.744396798021961,0
2025-04-14 13:03:29,95,33.41914618661716,-111.94004790531373,353.62710895668715,3.103750273104649,0
2025-04-14 13:03:30,97,33.41912253739246,-111.94004748412837,353.6794504811987,2.6913251913054097,0
2025-04-14 13:03:31,99,33.41909691251215,-111.940047027758,353.6105919582769,2.778564756909491,0
2025-04-14 13:03:32,100,33.41907555080512,-111.9400466473125,353.6637506149709,2.8483273681017116,0
2025-04-14 13:03:33,101,33.4190676123497,-111.94006123208037,353.5503765111789,3.3173156711761163,0
2025-04-14 13:03:34,102,33.41907355124017,-111.94024922265316,353.49317106977105,4.044542417193186,0
2025-04-14 13:03:35,103,33.41907569084524,-111.94030678232313,353.6527252756059,4.6860454284236415,0
2025-04-14 13:03:36,104,33.41906849952647,-111.94035955773765,353.5291085848585,4.868291628693031,0
2025-04-14 13:03:37,105,33.419067380707205,-111.94041688276997,353.8346298439428,5.111694414149471,0
2025-04-14 13:03:38,105,33.4190675174393,-111.94047730211388,353.8426907863468,5.37044749631627,0
2025-04-14 13:03:39,105,33.41906696965713,-111.94054002039292,353.8733443953097,5.597675218658128,0
2025-04-14 13:03:40,105,33.419068753018244,-111.9406078660289,354.04358876962215,5.935437978265193,0
2025-04-14 13:03:41,104,33.41906876080265,-111.94067871997842,354.29036736954004,6.2141488715795035,0
2025-04-14 13:03:42,104,33.419072991018666,-111.94074755668505,354.65037001576275,6.291720139886117,0
2025-04-14 13:03:43,103,33.41907565503739,-111.94081951861843,354.68667945452034,6.494160023052648,0
2025-04-14 13:03:44,102,33.41907695094442,-111.94089360919939,354.870742010884,6.657133533246593,0
2025-04-14 13:03:45,101,33.4190803836208,-111.9409657951549,354.95077353157103,6.7221185244881605,0
2025-04-14 13:03:46,100,33.419080900019814,-111.94104038506737,354.7214374113828,6.777280439115497,0
2025-04-14 13:03:47,98,33.41908143069828,-111.94110248150015,354.7810276225209,6.163516574397382,0
2025-04-14 13:03:48,97,33.41908718616164,-111.94114918218682,354.71074581705034,5.144829535189502,0
2025-04-14 13:03:49,96,33.419098381757465,-111.94118919592023,354.81001343019307,4.412263952187939,0
2025-04-14 13:03:50,95,33.4190969918024,-111.9412378198471,354.74572688527405,4.476739658382541,0
2025-04-14 13:03:51,95,33.41908924327248,-111.94128756100358,354.83756257314235,4.579987078995886,0
2025-04-14 13:03:52,95,33.419080543508244,-111.94134490729809,354.6997443633154,5.03608792902266,0
2025-04-14 13:03:53,94,33.419075250832485,-111.9414041053587,354.9935643700883,5.358595228498359,0
2025-04-14 13:03:54,93,33.419071081594645,-111.94146871025787,355.2784086018801,5.738540299480866,0
2025-04-14 13:03:55,92,33.41906688610218,-111.94153234304167,355.2909475732595,5.8742607861706135,0
2025-04-14 13:03:56,91,33.4190633292846,-111.94160030216773,355.1931712003425,6.113033981768884,0
2025-04-14 13:03:57,89,33.419064849956584,-111.94166922988929,355.318980014883,6.24125623539681,0
2025-04-14 13:03:58,88,33.419062858440924,-111.94174035454019,355.262791168876,6.470618872061329,0
2025-04-14 13:03:59,87,33.41906456335872,-111.94181298354006,355.363663315773,6.614222957959102,0
2025-04-14 13:04:00,86,33.41906820854138,-111.94188572917426,355.17923613637686,6.701904201240891,0
2025-04-14 13:04:01,86,33.419066141852916,-111.9419600560801,355.3485983060673,6.823731383253227,0
2025-04-14 13:04:02,86,33.419067412893305,-111.94203268119227,355.35825647972524,6.794268163786498,0
2025-04-14 13:04:03,87,33.41906943169301,-111.94210622349509,355.20467755384743,6.832997637823404,0
2025-04-14 13:04:04,88,33.419070743240276,-111.94217694095568,354.997300485149,6.711864927263062,0
2025-04-14 13:04:05,90,33.419072010762726,-111.94224134057521,355.07756694220006,6.229352689715377,0
2025-04-14 13:04:06,93,33.41907784060496,-111.94228621440709,355.43669098895043,4.768129565713196,0
2025-04-14 13:04:07,94,33.41908414721945,-111.94232664207847,355.01511564757675,3.9525670453413513,0
2025-04-14 13:04:08,95,33.419083142253825,-111.94236186075128,355.15607183240354,3.3626609878826357,0
2025-04-14 13:04:09,96,33.41907998094758,-111.94240206041255,355.2420588089153,3.72463951068813,0
2025-04-14 13:04:10,97,33.41905859905509,-111.94244141575977,355.44498646166176,3.983724264368818,0
2025-04-14 13:04:11,98,33.41905357962413,-111.94246856330763,355.11182481981814,4.447039907419351,0
2025-04-14 13:04:12,98,33.419048488794466,-111.94247477562095,355.3092506118119,4.833007452851229,0
2025-04-14 13:04:13,98,33.41891738184477,-111.9424846319366,354.9972673282027,5.211207234851994,0
2025-04-14 13:04:14,98,33.41886820795945,-111.9424919567508,354.8112950641662,5.3837554771017055,0
2025-04-14 13:04:15,98,33.418813987557876,-111.94250012440129,354.82296285033226,5.716020232029618,0
2025-04-14 13:04:16,98,33.41875880864983,-111.94248257996196,354.41767551004887,5.961778146263128,0
2025-04-14 13:04:17,99,33.41870515323665,-111.94248257996232,354.3575511611998,5.965898908025146,0
2025-04-14 13:04:18,100,33.418648147288565,-111.94249540220248,353.5791174657643,6.056103026981984,0
2025-04-14 13:04:19,101,33.418588227938564,-111.9424975873898,353.5277575943619,6.271389727052782,0
2025-04-14 13:04:20,101,33.41852708380995,-111.94249102848333,353.17448878567666,6.417486053124991,0
2025-04-14 13:04:21,101,33.418463799804776,-111.94248621043245,352.9464002829045,6.638004599088591,0
2025-04-14 13:04:22,102,33.41840360924546,-111.94248080807895,352.88568181637675,6.636883722577167,0
2025-04-14 13:04:23,102,33.4183428153983,-111.94248024813078,352.7619631998241,6.658270437260436,0
2025-04-14 13:04:24,102,33.41828035448719,-111.94247910982955,352.58974434342235,6.770436832621336,0
2025-04-14 13:04:25,103,33.41821930059437,-111.94248364489462,352.48308541439474,6.767999172059528,0
2025-04-14 13:04:26,102,33.418155046808415,-111.94248421166506,352.6028276300058,6.924711360390628,0
2025-04-14 13:04:27,102,33.41809289096424,-111.94248220610639,352.4580618292093,6.9103490122636835,0
2025-04-14 13:04:28,100,33.41802929087348,-111.94248472717588,352.276399737224,6.933664995033069,0
2025-04-14 13:04:29,99,33.4179651326915,-111.94248982132552,352.30297415331006,6.975687223547433,0
2025-04-14 13:04:30,98,33.417901297504216,-111.94249420903934,352.4322379473597,6.982121613798015,0
2025-04-14 13:04:31,96,33.41783809518222,-111.94249075811821,352.38236036431044,6.943701222663071,0
2025-04-14 13:04:32,95,33.417774530722426,-111.94248859084948,352.43078869767487,6.909335543504522,0
2025-04-14 13:04:33,93,33.41770992806375,-111.94249270399803,352.48010606411844,6.973719966084821,0
2025-04-14 13:04:34,91,33.417646390940185,-111.94248970957686,352.6184658491984,6.961935359568054,0
2025-04-14 13:04:35,91,33.41758373659743,-111.94248531597991,352.5529289916158,6.9242035772071855,0
2025-04-14 13:04:36,91,33.41752029376578,-111.94249203223946,352.7776249917224,6.916704783674589,0
2025-04-14 13:04:37,91,33.41745794066337,-111.94249283685977,352.7900599837303,6.932847099394608,0
2025-04-14 13:04:38,91,33.41739546496801,-111.94249345836833,352.791385515593,6.8876787124136465,0
2025-04-14 13:04:39,92,33.41733410067355,-111.94247863817773,352.5365859968588,6.820103201012525,0
2025-04-14 13:04:40,92,33.41727194919291,-111.94247834132702,352.5106951491907,6.821906334664523,0
2025-04-14 13:04:41,92,33.41720593692994,-111.94249668234579,352.56447510328144,6.9282080059520785,0
2025-04-14 13:04:42,93,33.41714462542784,-111.94248922904805,352.4610474528745,6.899203230937484,0
2025-04-14 13:04:43,93,33.41708186156695,-111.94248751589622,352.3469138452783,6.912570947209994,0
2025-04-14 13:04:44,93,33.41701968935057,-111.94248353231535,352.43452574219555,6.811095344111631,0
2025-04-14 13:04:45,93,33.41695823319357,-111.94249311755502,352.3715142477304,6.794029726693636,0
2025-04-14 13:04:46,94,33.41689494012182,-111.94248917735179,352.35538135655224,6.906171770292282,0
2025-04-14 13:04:47,94,33.41683295663274,-111.94248386708198,352.3512221034616,6.83835734069214,0
2025-04-14 13:04:48,94,33.416770148379236,-111.94248934708955,352.26761854160577,6.907631100319827,0
2025-04-14 13:04:49,94,33.41670660139411,-111.94248939977113,352.2420207709074,6.931786735168922,0
2025-04-14 13:04:50,94,33.41664399187936,-111.94249279876419,351.9839110467583,6.915692900981037,0
2025-04-14 13:04:51,95,33.41658151013822,-111.94249575116461,351.93051910493523,6.917912088355831,0
2025-04-14 13:04:52,96,33.41651883869611,-111.94247857777857,351.93873439822346,6.920145011987272,0
2025-04-14 13:04:53,96,33.41645678085635,-111.94247857777953,351.78648093901575,6.8707830505623,0
2025-04-14 13:04:54,97,33.41639264148746,-111.94249489155334,351.97095329035074,6.926278575438057,0
2025-04-14 13:04:55,98,33.41633305998084,-111.94247857777886,351.88703688886017,6.724022726081604,0
2025-04-14 13:04:56,98,33.41626941333306,-111.94247857777964,351.76732297055423,6.866935769489144,0
2025-04-14 13:04:57,98,33.41620555449895,-111.94247857777998,351.7134030442685,6.960317800243842,0
2025-04-14 13:04:58,96,33.41614115782031,-111.94247847413692,351.6737674595788,7.027170223952583,0
2025-04-14 13:04:59,95,33.4160787798356,-111.94247832822917,351.7146834535524,6.941678547375082,0
2025-04-14 13:05:00,95,33.41601521673835,-111.94249413636332,351.781189693138,6.9857226402912165,0
2025-04-14 13:05:01,95,33.415952063144545,-111.94247803182782,351.90733630396426,6.980540916669455,0
2025-04-14 13:05:02,96,33.41588890708037,-111.94247788410095,351.87378540541977,6.955117753353041,0
2025-04-14 13:05:03,96,33.41582585230346,-111.94247773661186,351.7107028160244,7.008403854762789,0
2025-04-14 13:05:04,96,33.415763454263086,-111.94249688974931,351.75044457707554,6.940747338735904,0
2025-04-14 13:05:05,96,33.41570023542531,-111.94249316244127,351.6865371223539,6.910380962685123,0
2025-04-14 13:05:06,96,33.41564038368683,-111.94249075073728,351.4866918604821,6.810899013569843,0
2025-04-14 13:05:07,96,33.41557805408579,-111.94247715699284,351.5229092929512,6.855769673993701,0
2025-04-14 13:05:08,97,33.415515558674485,-111.94247701081089,351.580818249844,6.899059127378548,0
2025-04-14 13:05:09,97,33.415453378575805,-111.94247686536586,351.70342458598316,6.92374263323716,0
2025-04-14 13:05:10,97,33.41539064631273,-111.94247671863089,351.7031630165875,6.951541002704463,0
2025-04-14 13:05:11,96,33.41532898537671,-111.9424765744011,351.59368368051946,6.9046093791691066,0
2025-04-14 13:05:12,95,33.41526803238054,-111.94247643182861,351.35178202576935,6.861559797418658,0
2025-04-14 13:05:13,93,33.41520572032772,-111.94247628607633,351.24411500338465,6.944560277023414,0
2025-04-14 13:05:14,92,33.41514483270695,-111.94249560300098,351.02660562843084,6.904930218228846,0
2025-04-14 13:05:15,91,33.41508221640387,-111.94248481870183,351.0333962915465,6.929677880922557,0
2025-04-14 13:05:16,91,33.41501879070644,-111.94248437957646,351.16732363030314,6.951903388437097,0
2025-04-14 13:05:17,91,33.4149550865403,-111.94248469478582,351.26734434533864,6.9950112403115625,0
2025-04-14 13:05:18,92,33.41489718459158,-111.94249110781163,351.2329271622002,6.420433718942385,0
2025-04-14 13:05:19,93,33.414850216333846,-111.94247318582637,351.0968002397567,5.422721734318527,0
2025-04-14 13:05:20,95,33.414814130726164,-111.94246658625929,351.1760139251128,4.507338127318352,0
2025-04-14 13:05:21,97,33.414782615170296,-111.94245639687757,351.0908164214343,4.366157888773727,0
2025-04-14 13:05:22,98,33.41475703569765,-111.94245960326116,351.38803750742227,4.379320067016618,0
2025-04-14 13:05:23,98,33.414748019640534,-111.94260721634745,351.53691031131893,4.78003229106339,0
2025-04-14 13:05:24,97,33.41473948891605,-111.94267460091862,351.70605653245,5.482898961158769,0
2025-04-14 13:05:25,97,33.41474923387301,-111.94273263823645,351.8822915526107,5.561720557220773,0
2025-04-14 13:05:26,96,33.414751541743136,-111.94279344448617,352.0662690503523,5.663916058110977,0
2025-04-14 13:05:27,95,33.41475379186814,-111.94285401332873,352.02933130878955,5.743435139546472,0
2025-04-14 13:05:28,96,33.414756686534375,-111.9429185137243,352.24515881203115,5.884089136460104,0
2025-04-14 13:05:29,96,33.41475668187559,-111.94297968308368,352.2120326589793,5.834153433977688,0
2025-04-14 13:05:30,96,33.4147557546143,-111.94304281001574,352.29601253569126,5.847122184993145,0
2025-04-14 13:05:31,95,33.414754024752796,-111.94310636055322,352.4089526347816,5.817298182090857,0
2025-04-14 13:05:32,94,33.414759502639676,-111.9431750290618,352.8238531658426,5.999563555976415,0
2025-04-14 13:05:33,94,33.41476225967651,-111.94324160343507,352.857586549595,6.085146942468119,0
2025-04-14 13:05:34,94,33.41476508821892,-111.94330471311979,352.61311081051826,6.096152119412628,0
2025-04-14 13:05:35,95,33.414762366078435,-111.94337082947852,352.7568387463689,6.139465886793292,0
2025-04-14 13:05:36,97,33.414760958637714,-111.94343727506359,352.9045815151185,6.147043051373707,0
2025-04-14 13:05:37,98,33.414760454765656,-111.94350127679918,352.97944536153227,5.928328646429673,0
2025-04-14 13:05:38,100,33.41476347567156,-111.94355050638117,353.022978390567,4.908845548100676,0
2025-04-14 13:05:39,100,33.414767439716094,-111.9435901788271,353.1123837279156,4.063342278762005,0
2025-04-14 13:05:40,100,33.4147663933768,-111.94363682280019,353.2489264048636,4.239092705654617,0
2025-04-14 13:05:41,101,33.41475746385908,-111.94368613283325,352.94495372939855,4.583302407121121,0
2025-04-14 13:05:42,101,33.4147477203921,-111.94374199140417,352.79979096353054,5.102080450447683,0
2025-04-14 13:05:43,102,33.41473709215369,-111.94379956235343,352.7323107784614,5.436274414866512,0
2025-04-14 13:05:44,102,33.41472865480687,-111.94386079975558,352.5978581579402,5.681055843374954,0
2025-04-14 13:05:45,101,33.414721963734564,-111.94392829635412,352.3874494936317,6.057613548049266,0
2025-04-14 13:05:46,101,33.414709869667426,-111.9439962593088,352.1126567898318,6.274476005055329,0
2025-04-14 13:05:47,101,33.41469598091168,-111.94405124894676,351.90604143962264,5.536028516267796,0
2025-04-14 13:05:48,102,33.41469068249289,-111.94410314543951,351.83480812981725,5.051314304332091,0
2025-04-14 13:05:49,103,33.41468833781747,-111.94414432667537,351.950191097334,4.191326118343858,0
2025-04-14 13:05:50,103,33.41468659478254,-111.94417877276025,351.903263871558,3.462168927982642,0
2025-04-14 13:05:51,103,33.41466774772344,-111.94420480822056,351.71382919326425,2.825094215480748,0
2025-04-14 13:05:52,104,33.4146823090762,-111.9442276278896,351.744074867107,2.1862060546135185,0
2025-04-14 13:05:53,105,33.41467779917386,-111.94425615537524,351.7631904091686,2.561514246153311,0
2025-04-14 13:05:54,106,33.41466822529669,-111.94429534975835,351.874080164358,3.338663980416266,0
2025-04-14 13:05:55,105,33.414639997189376,-111.9443218813973,351.928854088299,3.5424635853972557,0
2025-04-14 13:05:56,104,33.41463549758353,-111.94434500926752,351.577991200611,4.414122776429026,0
2025-04-14 13:05:57,103,33.41454448646105,-111.944316400775,351.711698461324,4.73239917656134,0
2025-04-14 13:05:58,102,33.41450061625982,-111.94432034669539,351.8848925931379,4.934447634679946,0
2025-04-14 13:05:59,101,33.41445327870729,-111.94432365534136,352.04128305986524,5.102368155456026,0
2025-04-14 13:06:00,101,33.41440414027466,-111.94432629541767,352.0670125056058,5.3040449338744144,0
2025-04-14 13:06:01,99,33.41435284129469,-111.94432905157528,352.14837207458913,5.530911841818899,0
2025-04-14 13:06:02,99,33.414297379509456,-111.94433263303257,352.22191502153873,5.8459655797630585,0
2025-04-14 13:06:03,98,33.414243296021425,-111.9443369790297,351.9536284953356,5.982096910355064,0
2025-04-14 13:06:04,98,33.41418850607139,-111.94433973895842,351.7897273981944,6.078482351924541,0
2025-04-14 13:06:05,98,33.41413025149117,-111.94435973666567,351.632265150547,6.344373309033516,0
2025-04-14 13:06:06,97,33.41407254748673,-111.94435654647934,351.6489121252671,6.414718379062433,0
2025-04-14 13:06:07,97,33.41401309740355,-111.94435690377992,351.52030612528324,6.506827290670081,0
2025-04-14 13:06:08,96,33.41395402297831,-111.94435690956101,351.40245492197573,6.534238302186916,0
2025-04-14 13:06:09,95,33.413892957070566,-111.94433888949548,351.5134575776756,6.57124287611296,0
2025-04-14 13:06:10,95,33.4138305421378,-111.94433814237941,351.62717748153955,6.644264880900499,0
2025-04-14 13:06:11,96,33.41376745043325,-111.94433659876061,351.531647275202,6.722376568233518,0
2025-04-14 13:06:12,96,33.413703129226725,-111.94433544648146,351.7311874162406,6.780681436129018,0
2025-04-14 13:06:13,97,33.41363921647305,-111.9443343015189,352.0434569288045,6.7776768045444,0
2025-04-14 13:06:14,97,33.41357577399987,-111.94433316498301,351.9177212547511,6.935008528833499,0
2025-04-14 13:06:15,97,33.41351155876174,-111.94433238906204,351.9790786234662,6.977230101455317,0
2025-04-14 13:06:16,97,33.41344964638769,-111.94433284702025,351.91876930743456,6.9067910267782535,0
2025-04-14 13:06:17,98,33.41338691861734,-111.94433331100974,351.8768591908738,7.009079841801103,0
2025-04-14 13:06:18,99,33.41332356692016,-111.94435343406755,351.830425622873,7.0362734928798965,0
2025-04-14 13:06:19,100,33.413260380092076,-111.9443513422939,351.9162999903783,7.053447027030994,0
2025-04-14 13:06:20,100,33.41319791355236,-111.94433969316239,351.86295635811985,7.028374922800462,0
2025-04-14 13:06:21,101,33.41313466698194,-111.94435229875134,351.9823176879436,6.967681373429184,0
2025-04-14 13:06:22,102,33.413071276206054,-111.94434976689719,351.9838186847046,7.030182369877704,0
2025-04-14 13:06:23,102,33.41300733229468,-111.94435045292063,352.16578910313547,7.044565687912053,0
2025-04-14 13:06:24,102,33.41294633052023,-111.9443508351911,352.0778734786436,6.911223751497738,0
2025-04-14 13:06:25,102,33.412881923079624,-111.9443538125732,351.99080360867083,7.059847973596352,0
2025-04-14 13:06:26,103,33.412819578199915,-111.94433563044461,352.0855603776872,7.00911686823111,0
2025-04-14 13:06:27,103,33.41275623206303,-111.94433504289981,351.96392012853175,6.966114651291126,0
2025-04-14 13:06:28,104,33.412694137505085,-111.94435307007988,352.0273170815781,6.940197779736689,0
2025-04-14 13:06:29,103,33.4126323267952,-111.94435357881608,352.1300367200747,6.925114242080429,0
2025-04-14 13:06:30,103,33.41256924322365,-111.94435063609792,352.0228407382965,6.918865489721426,0
2025-04-14 13:06:31,104,33.412505226688864,-111.94435250381889,352.0698429867625,7.0112832059544505,0
2025-04-14 13:06:32,105,33.412443981156386,-111.94433214672137,352.01492722984403,7.0627902069430375,0
2025-04-14 13:06:33,107,33.412382482653186,-111.94433157631377,351.87263664323837,6.941818839068161,0
2025-04-14 13:06:34,109,33.41231879471456,-111.94434947134069,351.8879831796512,6.934029807577043,0
2025-04-14 13:06:35,111,33.412254332875335,-111.94434216912006,351.9889213880524,7.05068607936578,0
2025-04-14 13:06:36,113,33.412192907276726,-111.94434058610486,351.99540800601244,6.936724810946931,0
2025-04-14 13:06:37,115,33.41213131450516,-111.94434613385125,351.8903482556343,6.850060735755429,0
2025-04-14 13:06:38,116,33.41206937574258,-111.94433210557746,351.86207632161677,6.934438569652448,0
2025-04-14 13:06:39,118,33.41200643192337,-111.94433218160538,351.7277329051867,7.158936944871456,0
2025-04-14 13:06:40,120,33.411944453919396,-111.9443319868819,351.5781278805807,7.131014242786115,0
2025-04-14 13:06:41,122,33.411883114705134,-111.94434886677763,351.57770171854645,6.902473430629808,0
2025-04-14 13:06:42,124,33.41182056975802,-111.94434198773845,351.7649089815095,6.85383041281434,0
2025-04-14 13:06:43,125,33.41175910505306,-111.94434322601575,351.61794750671834,6.8526375350711195,0
2025-04-14 13:06:44,125,33.411695842491255,-111.94434343093775,351.66352909151465,6.95282289514388,0
2025-04-14 13:06:45,126,33.411633216869525,-111.9443426005684,351.7875046506524,6.937337288865255,0
2025-04-14 13:06:46,126,33.41157049621942,-111.94434255824541,351.8441447960213,6.899115687588822,0
2025-04-14 13:06:47,127,33.41150873516674,-111.94433010988269,351.7034813920036,6.864244670260469,0
2025-04-14 13:06:48,127,33.41144624043558,-111.94432952582024,351.6351986080408,7.010730803167045,0
2025-04-14 13:06:49,127,33.41138490293544,-111.94434841713316,351.4671666538343,6.938417615824069,0
2025-04-14 13:06:50,126,33.411323617036444,-111.94432837980789,351.53798691090196,6.8134851850239375,0
2025-04-14 13:06:51,126,33.411259927813305,-111.94434536070307,351.7566740475595,6.81264999718661,0
2025-04-14 13:06:52,125,33.411196830660224,-111.94433668365471,351.9009965052828,6.879315286954673,0
2025-04-14 13:06:53,125,33.41113393643237,-111.94433741529686,352.0008183112368,6.826994146539584,0
2025-04-14 13:06:54,124,33.41107114882275,-111.9443442572466,351.9386324621737,6.813292196563485,0
2025-04-14 13:06:55,123,33.41100938600517,-111.94434383279038,351.8902133461088,6.739840206794839,0
2025-04-14 13:06:56,122,33.410947862010026,-111.94434171485325,351.77850612904876,6.8091496055852145,0
2025-04-14 13:06:57,122,33.41088519046962,-111.94432594731127,351.51201119460166,7.03864646987131,0
2025-04-14 13:06:58,122,33.41082274587151,-111.94432617767096,351.90024751611054,6.896982764980424,0
2025-04-14 13:06:59,121,33.41076191245526,-111.94432640208959,351.85687115602195,6.8340388152932325,0
2025-04-14 13:07:00,121,33.4106996249597,-111.94434622542157,351.9194566067308,6.821349857988226,0
2025-04-14 13:07:01,121,33.41063748097971,-111.94432686112404,352.06101128458977,6.747260214624172,0
2025-04-14 13:07:02,120,33.41057388626601,-111.94432687561951,352.1126815499738,6.791618773591113,0
2025-04-14 13:07:03,120,33.41051167389333,-111.94432687561984,352.0678071314469,6.77341661701582,0
2025-04-14 13:07:04,119,33.41044639901165,-111.9443268756197,352.07830987498164,7.001280084366558,0
2025-04-14 13:07:05,119,33.41038560434517,-111.94434435354083,352.10075369663537,6.971366270679821,0
2025-04-14 13:07:06,120,33.41032272537455,-111.94434245412269,352.245731825009,7.018322341375459,0
2025-04-14 13:07:07,121,33.41026166168755,-111.94434666833183,352.5091832857579,6.925361849135577,0
2025-04-14 13:07:08,122,33.410202412803514,-111.94434566613853,352.4297508057207,6.690735754459751,0
2025-04-14 13:07:09,121,33.410140702555765,-111.94432642646903,352.42098729498684,6.689951316852665,0
2025-04-14 13:07:10,120,33.410078369351076,-111.94434545538043,352.42724319640547,6.73893155715391,0
2025-04-14 13:07:11,118,33.41001681744796,-111.94434011374608,352.3488519517705,6.802340351413729,0
2025-04-14 13:07:12,117,33.409954746377295,-111.94434020786426,352.2167717637494,6.889585906507415,0
2025-04-14 13:07:13,116,33.409893654936184,-111.94433799340882,352.19434849359095,6.887304788364071,0
2025-04-14 13:07:14,116,33.40983216965925,-111.94433960648955,352.3107175761834,6.959345999318472,0
2025-04-14 13:07:15,115,33.40977071213524,-111.94434391626221,352.19321041647345,6.990308772567974,0
2025-04-14 13:07:16,114,33.40970952476584,-111.94432486398686,352.4334553005174,6.866625572746387,0
2025-04-14 13:07:17,113,33.40964728458698,-111.94432464636402,352.42993603274226,6.902087192881608,0
2025-04-14 13:07:18,112,33.40958638981326,-111.94434399588278,352.40801453683525,6.788150240442946,0
2025-04-14 13:07:19,112,33.40952552948844,-111.94432422064783,352.27694496139884,6.764237050948692,0
2025-04-14 13:07:20,111,33.40946441439124,-111.9443240069546,352.4025418618694,6.661430593964806,0
2025-04-14 13:07:21,111,33.4094000599805,-111.94432378767787,352.5363810984418,6.848630119906482,0
2025-04-14 13:07:22,111,33.40933729279944,-111.94432357141072,352.6504100682214,6.926173705781016,0
2025-04-14 13:07:23,110,33.409275252919876,-111.94432335765116,352.46985519770533,6.941747266097226,0
2025-04-14 13:07:24,109,33.40921291399199,-111.9443231428604,352.4358470933512,6.886698065637355,0
2025-04-14 13:07:25,108,33.409150640143054,-111.94434144777928,352.46741909440607,6.879835606305116,0
2025-04-14 13:07:26,106,33.40908771271274,-111.94432287561693,352.5294550927356,6.965923503400431,0
2025-04-14 13:07:27,104,33.4090296505978,-111.9443228756154,352.77487371861935,6.448741420812588,0
2025-04-14 13:07:28,102,33.408977431060855,-111.94432287561727,352.4720937050879,6.030512640299647,0
2025-04-14 13:07:29,100,33.40892018008557,-111.94432287561729,352.4758105520159,6.228826006049944,0
2025-04-14 13:07:30,99,33.40886528796004,-111.94432287561676,352.5570739833638,6.085354520853188,0
2025-04-14 13:07:31,97,33.4088188449075,-111.94432287561725,352.47882408462465,5.3244359745583285,0
2025-04-14 13:07:32,96,33.40878401786574,-111.94432287561852,352.2724199825898,4.5922427374936,0
2025-04-14 13:07:33,95,33.408765105169465,-111.94433520892346,352.3057384509593,4.558428003606462,0
2025-04-14 13:07:34,94,33.4087645165389,-111.94450654444215,352.2450487948954,4.955544916488407,0
2025-04-14 13:07:35,93,33.40876803078869,-111.94456665645039,352.1505849864334,5.271363576161296,0
2025-04-14 13:07:36,92,33.408768291457754,-111.94462613818561,352.10735366214067,5.485897033878198,0
2025-04-14 13:07:37,92,33.408770921488994,-111.94469208118092,352.20549606718123,5.817655660783931,0
2025-04-14 13:07:38,92,33.40876756161775,-111.9447582168705,352.11691712681204,6.035632670758587,0
2025-04-14 13:07:39,93,33.408762952704336,-111.94482411312471,352.20731113292277,6.124698339971574,0
2025-04-14 13:07:40,94,33.408770020764145,-111.94489599808351,352.09496816806495,6.346979142077673,0
2025-04-14 13:07:41,95,33.408775474893666,-111.944970746664,352.2094849962741,6.589931011130713,0
2025-04-14 13:07:42,96,33.40877264682768,-111.945043423294,352.3519703783095,6.672206910881053,0
2025-04-14 13:07:43,96,33.40877067536695,-111.94511805078696,352.50834680348635,6.801123662030962,0
2025-04-14 13:07:44,96,33.40876987705222,-111.94519277906296,352.43383105657995,6.882687144301599,0
2025-04-14 13:07:45,95,33.40877042750605,-111.94526746691226,352.35646416060627,6.941102162476192,0
2025-04-14 13:07:46,95,33.40876864244282,-111.94534095456824,352.4034962952137,6.857216737156068,0
2025-04-14 13:07:47,94,33.408764291377736,-111.9454146820219,352.34819371346384,6.805994644573996,0
2025-04-14 13:07:48,94,33.408766387069655,-111.94548914753427,352.3719371603802,6.765261225651071,0
2025-04-14 13:07:49,94,33.40877006429816,-111.94556421494399,352.42420934233814,6.8413703055172475,0
2025-04-14 13:07:50,95,33.40876900004804,-111.94564064087271,352.4468027865514,6.965767070236309,0
2025-04-14 13:07:51,96,33.40876709217965,-111.9457159628006,352.4895605361089,6.989032524056883,0
2025-04-14 13:07:52,97,33.40877455544171,-111.945791554415,352.4840811928734,6.999814048409569,0
2025-04-14 13:07:53,98,33.408772573402906,-111.94586793779216,352.4510270850733,7.053246182645056,0
2025-04-14 13:07:54,97,33.408770579968305,-111.94594293105361,352.28918096702546,7.0350443606543385,0
2025-04-14 13:07:55,97,33.408768930868106,-111.9460181533508,352.0839147102088,7.000509803517046,0
2025-04-14 13:07:56,97,33.40876966792415,-111.94609375224127,352.06774662900716,7.030720780775913,0
2025-04-14 13:07:57,97,33.408772801332695,-111.94616850635235,352.0407298570499,6.970379370858151,0
2025-04-14 13:07:58,97,33.408774317517434,-111.94624344732696,351.97834564652294,6.961200485311588,0
2025-04-14 13:07:59,96,33.408773841736334,-111.94631932502266,352.1635853871703,6.976397402021234,0
2025-04-14 13:08:00,96,33.408775186226244,-111.94639433182614,352.09348425269127,6.9449005593437985,0
2025-04-14 13:08:01,97,33.408778452128,-111.94646997395998,352.0555295320228,6.989163731141032,0
2025-04-14 13:08:02,98,33.40877666557077,-111.94654595737617,352.0626666806638,6.986214752423437,0
2025-04-14 13:08:03,98,33.40878130677038,-111.94662195291097,351.96285763103515,7.011260946321119,0
2025-04-14 13:08:04,98,33.408784778608464,-111.9466973761065,352.02739643026143,7.05292713904984,0
2025-04-14 13:08:05,97,33.40877981427422,-111.94677124066975,351.9755504792556,6.910085632156454,0
2025-04-14 13:08:06,97,33.408778614188876,-111.94684472805903,351.88724728208035,6.871867767372066,0
2025-04-14 13:08:07,97,33.408777422285084,-111.94691874371401,351.84863032214344,6.899089172281224,0
2025-04-14 13:08:08,98,33.40877463185132,-111.94699183705768,351.8402082528919,6.852714660854627,0
2025-04-14 13:08:09,99,33.408772112929526,-111.94706560154505,351.8006874853745,6.83381288907413,0
2025-04-14 13:08:10,100,33.40876965262909,-111.94713892584167,351.78948133811355,6.815243140431405,0
2025-04-14 13:08:11,102,33.40876780768198,-111.94721269938448,351.70189241692424,6.773505048356972,0
2025-04-14 13:08:12,102,33.408767214358015,-111.94728709947388,351.54346087481827,6.797529936951244,0
2025-04-14 13:08:13,102,33.40876735169925,-111.94736150258771,351.5029029240832,6.891084930837065,0
2025-04-14 13:08:14,102,33.408769114011704,-111.94743538134199,351.4369203178212,6.9375643182711775,0
2025-04-14 13:08:15,102,33.40877344587589,-111.94750918999564,351.42395625356585,6.9889786709226565,0
2025-04-14 13:08:16,103,33.408770489988605,-111.94758236486896,351.3675634916872,6.865424275688404,0
2025-04-14 13:08:17,103,33.40876507078147,-111.94764894730987,351.27705801837146,6.244974126286847,0
2025-04-14 13:08:18,103,33.40877540501787,-111.94770324170248,351.17700799554586,5.270340344892168,0
2025-04-14 13:08:19,104,33.40877556923631,-111.94775202948074,351.0686098318547,4.565218609625709,0
2025-04-14 13:08:20,104,33.408775698898936,-111.94779055102103,351.0411242162809,3.8133542560430156,0
2025-04-14 13:08:21,104,33.4087757788598,-111.94781430657365,350.92357829306275,3.00886751853938,0
2025-04-14 13:08:22,103,33.40876772578256,-111.94783035738874,351.0849820403382,3.3391435755055974,0
2025-04-14 13:08:23,103,33.408765862466176,-111.94786141217321,351.34646782279015,3.4514737934073443,0
2025-04-14 13:08:24,102,33.408776067606524,-111.94790009021693,351.38261777255684,3.817470882108874,0
2025-04-14 13:08:25,102,33.40862983567981,-111.94788877167217,351.25320441741496,4.141167596991822,0
2025-04-14 13:08:26,101,33.40857054763213,-111.94788387379178,350.997689884156,5.488897486526493,0
2025-04-14 13:08:27,100,33.40852017900194,-111.94788380142188,351.24854240752757,5.685775723131707,0
2025-04-14 13:08:28,99,33.408476388116505,-111.94788346476902,351.12364045809954,5.408274148907074,0
2025-04-14 13:08:29,97,33.40842459616989,-111.9478830666056,350.99910704791546,5.55379859293387,0
2025-04-14 13:08:30,97,33.40837177285371,-111.94788266051339,350.88195382244885,5.685677511515159,0
2025-04-14 13:08:31,97,33.408317230057044,-111.94788224120528,350.9067391138524,5.844390254048267,0
2025-04-14 13:08:32,98,33.40826180497929,-111.9478825737919,350.97893563006073,5.950986600406057,0
2025-04-14 13:08:33,99,33.4082055566053,-111.94788257379037,351.2298060795292,6.08809050681627,0
2025-04-14 13:08:34,100,33.408149514560996,-111.94788109745639,351.1212018355727,6.1749097167512135,0
2025-04-14 13:08:35,101,33.408090883922284,-111.94788046068534,351.2169381361455,6.367822190635549,0
2025-04-14 13:08:36,101,33.408033925296166,-111.9478798420741,351.212750133127,6.389569548560703,0
2025-04-14 13:08:37,102,33.407975452518485,-111.94787920701839,351.1865496840328,6.489371437593808,0
2025-04-14 13:08:38,102,33.40791663888811,-111.94787856825957,351.34124274086207,6.507551165586612,0
2025-04-14 13:08:39,101,33.407860950997254,-111.94787796345031,351.33016570843756,6.364208154445026,0
2025-04-14 13:08:40,101,33.407801606124124,-111.9478773189225,351.506395556964,6.418938784667409,0
2025-04-14 13:08:41,101,33.407740885010966,-111.94787812003757,351.66405603569,6.530484282365901,0
2025-04-14 13:08:42,101,33.40768209869132,-111.94787796880695,351.364304183051,6.519766367088404,0
2025-04-14 13:08:43,101,33.40762531409552,-111.9478778227233,351.5252584666014,6.27227474240687,0
2025-04-14 13:08:44,100,33.40758087648508,-111.94787770840557,351.17612037807703,5.294989531232658,0
2025-04-14 13:08:45,99,33.4075448926121,-111.94787761583473,351.0392529377714,4.318265034966632,0
2025-04-14 13:08:46,97,33.40751659307813,-111.9478775430321,351.03605945501477,3.3485657977169465,0
2025-04-14 13:08:47,96,33.407495218931174,-111.947877488045,351.0725571429357,2.5874130471893277,0
2025-04-14 13:08:48,94,33.407479490935685,-111.94787744758446,350.95140589773655,2.0563791310488635,0
2025-04-14 13:08:49,93,33.40746446553301,-111.94787740893014,350.9400175306946,1.9093278168591041,0
2025-04-14 13:08:50,93,33.40745903038968,-111.94787739494849,350.8483621692285,1.533232295227585,0
2025-04-14 13:08:51,93,33.40746699349195,-111.94787741543418,350.860101451166,0.1916262423954598,0
2025-04-14 13:08:52,94,33.40746687500433,-111.94787741512806,351.0689335493371,0.16726493019244984,0
2025-04-14 13:08:53,96,33.40746786855037,-111.94787741768297,351.20408044941723,0.16689100354189976,0
2025-04-14 13:08:54,97,33.407469997586496,-111.94787742315984,351.24088186677545,0.1706816133919087,0
2025-04-14 13:08:55,97,33.40746778697638,-111.94787741747201,351.42116500623524,0.3333258231558124,0
2025-04-14 13:08:56,97,33.40746932419153,-111.94787742142738,351.2814911128953,0.14924148135954057,0
2025-04-14 13:08:57,96,33.40746700107699,-111.94787741545086,351.28716534003615,0.17809607795034768,0
2025-04-14 13:08:58,96,33.40746604962319,-111.94787741300348,351.25511852651834,0.18325232624598609,0
2025-04-14 13:08:59,96,33.40746584654765,-111.94787741248082,351.27220250014216,0.2347372967827894,0
2025-04-14 13:09:00,95,33.407465094050615,-111.94787741054525,351.2306450428441,0.1353907677038862,0
2025-04-14 13:09:01,95,33.407463545844855,-111.94787740656227,351.2519597494975,0.279299527934748,0
2025-04-14 13:09:02,94,33.40746207075278,-111.94787740276881,351.0348417311907,0.18295245688647516,0
2025-04-14 13:09:03,93,33.40746158035109,-111.9478774015076,350.98629826307297,0.23488396515024423,0
2025-04-14 13:09:04,94,33.40746111277216,-111.94787740030476,350.9579465724528,0.31960611655115395,0
2025-04-14 13:09:05,95,33.407462052188365,-111.94787740272136,350.9866655739024,0.0,0
2025-04-14 13:09:06,96,33.407460902286886,-111.94787739976323,350.98354717809707,0.2900407614717325,0
2025-04-14 13:09:07,97,33.407461900056525,-111.9478774023297,351.0382310766727,0.2345970938090307,0
2025-04-14 13:09:08,99,33.40746198500791,-111.94787740254803,351.0582783892751,0.22647521837831808,0
2025-04-14 13:09:09,99,33.407462983305074,-111.9478774051164,351.03691873140633,0.0,0
2025-04-14 13:09:10,100,33.407462983305074,-111.94787740511657,351.03691873140633,0.0,0
2025-04-14 13:09:11,101,33.407462983305074,-111.94787740511657,351.03691873140633,0.0,0
2025-04-14 13:09:12,103,33.407462983305074,-111.94787740511654,351.03691873140633,0.0,0
2025-04-14 13:09:13,105,33.407463794232285,-111.9478774072005,351.3976423442364,0.1545964584843042,0
2025-04-14 13:09:14,108,33.40746588106315,-111.94787741256867,351.4067620122805,0.07110416342898628,0
2025-04-14 13:09:15,109,33.407467014850944,-111.94787741548572,351.4219615003094,0.06650073314575747,0
2025-04-14 13:09:16,110,33.407467906498205,-111.94787741777961,351.3944569090381,0.16646836452612201,0
2025-04-14 13:09:17,110,33.40746642169145,-111.94787741395919,351.4745647814125,0.22783622566239695,0
2025-04-14 13:09:18,109,33.40746603734908,-111.94787741296976,351.57930803578347,0.10137602220157411,0
2025-04-14 13:09:19,109,33.40746626182618,-111.94787741354692,351.64750059042126,0.03654580398823768,0
2025-04-14 13:09:20,108,33.407466328622306,-111.94787741371817,351.7700733412057,0.10003032221810097,0
2025-04-14 13:09:21,108,33.407466752619094,-111.94787741480867,351.7870220411569,0.051814702015339185,0
2025-04-14 13:09:22,107,33.407466413793315,-111.94787741393712,351.7839884981513,0.0,0
2025-04-14 13:09:23,107,33.407466413793315,-111.94787741393712,351.7839884981513,0.0,0
2025-04-14 13:09:24,107,33.407466413793315,-111.94787741393704,351.7839884981513,0.0,0
2025-04-14 13:09:25,107,33.407466413793315,-111.94787741393701,351.7839884981513,0.0,0
2025-04-14 13:09:26,108,33.407466413793315,-111.94787741393712,351.7839884981513,0.0,0
2025-04-14 13:09:27,109,33.407466887141226,-111.94787741515479,351.7694293418899,0.06059881131789855,0
2025-04-14 13:09:28,110,33.407467074146716,-111.94787741563584,351.7703458108008,0.0,0
2025-04-14 13:09:29,110,33.407467074146716,-111.94787741563601,351.7703458108008,0.0,0
2025-04-14 13:09:30,111,33.407467074146716,-111.94787741563601,351.7703458108008,0.0,0
2025-04-14 13:09:31,112,33.40746766828058,-111.94787741716436,351.75681642536074,0.13309122149501273,0
2025-04-14 13:09:32,112,33.407468309702885,-111.94787741881466,351.75380115490407,0.0,0
2025-04-14 13:09:33,112,33.407468309702885,-111.94787741881446,351.75380115490407,0.0,0
2025-04-14 13:09:34,112,33.407468673920874,-111.94787741975198,351.70631441287696,0.16376445323989886,0
2025-04-14 13:09:35,112,33.407468834190425,-111.94787742016412,351.7078327694908,0.14981750785686476,0
2025-04-14 13:09:36,112,33.407469489083454,-111.94787742184904,351.7053034408018,0.0,0
2025-04-14 13:09:37,112,33.407469489083454,-111.94787742184913,351.7053034408018,0.0,0
2025-04-14 13:09:38,111,33.40747023626964,-111.94787742377208,351.5149411195889,0.140020280706521,0
2025-04-14 13:09:39,111,33.40746975921965,-111.9478774225456,351.42173616588116,0.11972889042674495,0
2025-04-14 13:09:40,110,33.40746975409885,-111.94787742253222,351.4423849899322,0.11905591184424563,0
2025-04-14 13:09:41,110,33.407468799645024,-111.94787742007657,351.5004125209525,0.17860896158776332,0
2025-04-14 13:09:42,111,33.407469430502644,-111.94787742169935,351.55040101893246,0.0,0
2025-04-14 13:09:43,111,33.40746947578301,-111.94787742181614,351.50319624040276,0.0,0
2025-04-14 13:09:44,111,33.40746947578302,-111.94787742181592,351.50319624040276,0.0,0
2025-04-14 13:09:45,111,33.407469029313376,-111.94787742066765,351.4820463936776,0.10898296719393259,0
2025-04-14 13:09:46,111,33.40746775017843,-111.94787741737728,351.4273255383596,0.1958980565022582,0
2025-04-14 13:09:47,111,33.40745675657298,-111.9478773890953,351.41873866319656,1.073977623464097,0
2025-04-14 13:09:48,111,33.40744484830909,-111.94787735846153,351.21208051405847,1.3663859336916597,0
2025-04-14 13:09:49,112,33.4074291123835,-111.94787731797993,351.1358725549653,1.842988369533645,0
2025-04-14 13:09:50,112,33.407405316530586,-111.9478772567635,351.08087992854416,2.41165124639598,0
2025-04-14 13:09:51,112,33.407379427324855,-111.94787719016188,351.0093349646777,2.775403958436322,0
2025-04-14 13:09:52,112,33.40734997669986,-111.94787711439706,350.72701140586287,3.2249904871722435,0
2025-04-14 13:09:53,112,33.40731582315489,-111.9478773077386,350.753724004142,3.4714722493194956,0
2025-04-14 13:09:54,112,33.407292964627956,-111.94787736116432,350.76067178789526,2.825058766624371,0
2025-04-14 13:09:55,113,33.40727794735524,-111.94787739626344,350.7193226348609,1.9934998819618257,0
2025-04-14 13:09:56,112,33.40726222494018,-111.94787743301107,350.5903199631721,1.9384217082029085,0
2025-04-14 13:09:57,111,33.40725472665115,-111.94787745053507,350.7722409060225,1.9001800903917978,0
2025-04-14 13:09:58,110,33.40739078794619,-111.94809444863505,350.5918557494879,2.7902632344883496,0
2025-04-14 13:09:59,109,33.40739094904672,-111.94813549960244,350.52500223368406,3.434175120903203,0
2025-04-14 13:10:00,108,33.40739110179795,-111.94817442299342,350.54059594962746,3.534834717326475,0
2025-04-14 13:10:01,107,33.407391477893704,-111.94821821585879,350.7362768566236,3.931504450659703,0
2025-04-14 13:10:02,106,33.407391747044926,-111.94826342152486,350.64835264440626,4.269584548698762,0
2025-04-14 13:10:03,105,33.40739204390595,-111.94831328130755,350.7359504234046,4.623244210677794,0
2025-04-14 13:10:04,104,33.4073923619723,-111.94836670267694,350.8519795620814,4.85319474660776,0
2025-04-14 13:10:05,103,33.407392708286416,-111.94842486840146,350.87483128067106,5.201034860125362,0
2025-04-14 13:10:06,103,33.40739304845356,-111.94848200175717,351.0244151512161,5.349274653496504,0
2025-04-14 13:10:07,103,33.40739317900894,-111.9485471282567,351.086012060754,5.6998359674993795,0
2025-04-14 13:10:08,104,33.40739317900883,-111.9486089111988,351.12870541214943,5.803285059448688,0
2025-04-14 13:10:09,105,33.407393179008935,-111.9486731889978,351.0888059232384,5.950348511498197,0
2025-04-14 13:10:10,106,33.40739317900882,-111.94874072302767,351.1311195930466,6.164418625764484,0
2025-04-14 13:10:11,107,33.407393179009134,-111.94880719394807,351.01288715563715,6.206707815080198,0
2025-04-14 13:10:12,108,33.40739317900942,-111.94887346487508,350.9047909947112,6.27202935271536,0
2025-04-14 13:10:13,108,33.407393179009354,-111.94894231931559,350.928074051626,6.335006075801474,0
2025-04-14 13:10:14,108,33.407393179009226,-111.94901336586453,350.9752497822046,6.488426001699182,0
2025-04-14 13:10:15,108,33.40739317900924,-111.94908610858812,350.97078109066933,6.641761844103019,0
2025-04-14 13:10:16,106,33.40739317900951,-111.9491565033594,350.8686910709366,6.675668929837564,0
2025-04-14 13:10:17,105,33.40739317900962,-111.94922791224245,350.82831278909,6.669390519614637,0
2025-04-14 13:10:18,103,33.40739317900953,-111.94929984153276,350.86002525594085,6.686597331363896,0
2025-04-14 13:10:19,101,33.40739317900877,-111.94937215803537,351.1499601211399,6.663098420079604,0
2025-04-14 13:10:20,100,33.407393179008054,-111.94944447270888,351.4223947664723,6.607394169149707,0
2025-04-14 13:10:21,99,33.40739427674042,-111.9495159489205,351.25629776809365,6.648142292912454,0
2025-04-14 13:10:22,99,33.40739449428806,-111.9495843775599,351.2515894267708,6.243884804030163,0
2025-04-14 13:10:23,99,33.40739466861373,-111.94963921088383,351.27300577331334,5.375078575319163,0
2025-04-14 13:10:24,99,33.40739481847655,-111.94968634956236,351.2881839349866,4.704036613725773,0
2025-04-14 13:10:25,100,33.40739494883812,-111.9497273543028,351.2855020798743,4.020942618466636,0
2025-04-14 13:10:26,100,33.40739505810156,-111.94976172245786,351.27912757731974,3.400120594649397,0
2025-04-14 13:10:27,101,33.40739513513691,-111.94978595373114,351.43405395001173,2.8621867056090218,0
2025-04-14 13:10:28,102,33.407375296247906,-111.94979342861568,351.4103975566104,3.1599275061095957,0
2025-04-14 13:10:29,103,33.40737095239984,-111.94978854932388,351.42645861022174,3.8802409706264602,0
2025-04-14 13:10:30,103,33.407113107034895,-111.9498871136584,351.4579479871318,4.096886262574576,0
2025-04-14 13:10:31,104,33.40708008341437,-111.94988767626057,351.37183663249016,3.515374309838709,0
2025-04-14 13:10:32,104,33.40705894054951,-111.94988803645816,351.27227606158704,2.782925261073555,0
2025-04-14 13:10:33,103,33.407041730169496,-111.94988832966027,351.2938698157668,2.557533510573926,0
2025-04-14 13:10:34,103,33.40704015468814,-111.94987070946607,351.2441386654973,2.2764327869466645,0
2025-04-14 13:10:35,102,33.40704673338476,-111.94986904459884,351.4380777217448,1.4761242317718017,0
2025-04-14 13:10:36,101,33.4070479379573,-111.94988822390121,351.5759343933314,0.30577961307883417,0
2025-04-14 13:10:37,101,33.40705078743326,-111.94988817535672,351.5137140965089,0.08493612652053885,0
2025-04-14 13:10:38,102,33.4070472878259,-111.9498882349767,351.6980696525425,0.10922994530927674,0
2025-04-14 13:10:39,103,33.40704956158068,-111.94988819624007,351.75300086662173,0.09154532563552607,0
2025-04-14 13:10:40,105,33.407046289327916,-111.94988825198658,351.98321016598493,0.16666598336658472,0
2025-04-14 13:10:41,106,33.40704791840455,-111.94988822423147,352.4909058632329,0.6446595443463616,0
2025-04-14 13:10:42,108,33.40705123891652,-111.94988816766175,352.60105559416115,0.19562268838011404,0
2025-04-14 13:10:43,108,33.40705163363776,-111.94988816093688,352.65413571707904,0.12412996389379836,0
2025-04-14 13:10:44,108,33.40704864363854,-111.94988821187492,352.8964883154258,0.15916013480221058,0
2025-04-14 13:10:45,107,33.407041478618744,-111.94988833394066,352.90115991886705,0.14875495662783625,0
2025-04-14 13:10:46,106,33.40704166697575,-111.94988833073187,352.86567976139486,0.020703609364564952,0
2025-04-14 13:10:47,105,33.40703718441743,-111.94988840709777,353.0247130887583,0.16567956877885304,0
2025-04-14 13:10:48,104,33.40703429289763,-111.94988845635808,353.228906461969,0.40598125889649633,0
2025-04-14 13:10:49,103,33.40703090336845,-111.9498885141029,353.3344899741933,0.8250734180938396,0
2025-04-14 13:10:50,103,33.40702363045987,-111.94988863800613,353.53043665457517,0.9433599360955036,0
2025-04-14 13:10:51,103,33.407014920369285,-111.94988878639401,353.6260649636388,0.974128581452039,0
2025-04-14 13:10:52,103,33.407011503845396,-111.94988884459842,353.8398677650839,0.8331218639403821,0
2025-04-14 13:10:53,103,33.40700827934368,-111.94988889953152,354.05313993338495,0.8146979762776706,0
2025-04-14 13:10:54,104,33.40700215115966,-111.94988900393284,354.251759477891,0.6574492804820352,0
2025-04-14 13:10:55,103,33.40699696626255,-111.94988909226396,354.4260825095698,0.5000001452588033,0
2025-04-14 13:10:56,103,33.40699443692709,-111.94988913535505,354.28979383874685,0.18082647424223977,0
2025-04-14 13:10:57,103,33.406993292315356,-111.94988915485614,353.96295314095914,0.13096424196116907,0
2025-04-14 13:10:58,103,33.40699330961475,-111.94988915456145,353.9229434905574,0.15587583689688841,0
2025-04-14 13:10:59,104,33.40699330961475,-111.94988915456145,353.9229434905574,0.15587583689688841,0
2025-04-14 13:11:00,105,33.40699330961475,-111.94988915456145,353.9229434905574,0.15587583689688841,0
2025-04-14 13:11:01,107,33.40699330961475,-111.94988915456145,353.9229434905574,0.15587583689688841,0
2025-04-14 13:11:02,108,33.40699330961475,-111.94988915456145,353.9229434905574,0.15587583689688841,0
2025-04-14 13:11:03,108,33.40699330961475,-111.94988915456145,353.9229434905574,0.15587583689688841,0
2025-04-14 13:11:04,108,33.40699330961475,-111.94988915456145,353.9229434905574,0.15587583689688841,0
2025-04-14 13:11:05,108,33.40699330961475,-111.94988915456145,353.9229434905574,0.15587583689688841,0
2025-04-14 13:11:06,107,33.40699330961475,-111.94988915456145,353.9229434905574,0.15587583689688841,0
2025-04-14 13:11:07,107,33.40699330961475,-111.94988915456145,353.9229434905574,0.15587583689688841,0
2025-04-14 13:11:08,106,33.40699330961475,-111.94988915456145,353.9229434905574,0.15587583689688841,0
2025-04-14 13:11:09,106,33.40699330961475,-111.94988915456145,353.9229434905574,0.15587583689688841,0
2025-04-14 13:11:10,106,33.40699330961475,-111.94988915456145,353.9229434905574,0.15587583689688841,0
2025-04-14 13:11:11,106,33.40699330961475,-111.94988915456145,353.9229434905574,0.15587583689688841,0
2025-04-14 13:11:12,106,33.40712760715883,-111.94936729356083,353.28381912231447,-1.0,0
2025-04-14 13:11:13,106,33.40712760715883,-111.94936729356083,353.28381912231447,-1.0,0
2025-04-14 13:11:14,106,33.40701377560521,-111.94932816058194,353.28381912231447,-1.0,0
2025-04-14 13:11:15,106,33.40701377560521,-111.94932816058194,353.28381912231447,-1.0,0
2025-04-14 13:11:16,105,33.40701377560521,-111.94932816058194,353.28381912231447,-1.0,0
2025-04-14 13:11:17,103,33.40701377560521,-111.94932816058194,353.28381912231447,-1.0,0
2025-04-14 13:11:18,102,33.40704901466416,-111.9491568631096,355.35977011227953,-1.0,0
2025-04-14 13:11:19,100,33.407056931146535,-111.94914881678429,355.00234676243855,-1.0,0
2025-04-14 13:11:20,99,33.407056931146535,-111.94914881678429,355.00234676243855,-1.0,0
2025-04-14 13:11:21,98,33.407056931146535,-111.94914881678429,355.00234676243855,-1.0,0
2025-04-14 13:11:22,97,33.407057483199004,-111.94914915959335,353.28381912231447,-1.0,0
2025-04-14 13:11:23,96,33.407057483199004,-111.94914915959335,353.28381912231447,-1.0,0
2025-04-14 13:11:24,95,33.407057483199004,-111.94914915959335,353.28381912231447,-1.0,0
2025-04-14 13:11:25,95,33.407057483199004,-111.94914915959335,353.28381912231447,-1.0,0
2025-04-14 13:11:26,95,33.407057483199004,-111.94914915959335,353.28381912231447,-1.0,0
2025-04-14 13:11:27,95,33.407057483199004,-111.94914915959335,353.28381912231447,-1.0,0
2025-04-14 13:11:28,94,33.407057483199004,-111.94914915959335,353.28381912231447,-1.0,0
2025-04-14 13:11:29,94,33.4070153391749,-111.9485814405127,355.1142172695146,-1.0,0
2025-04-14 13:11:30,93,33.4070153391749,-111.9485814405127,355.1142172695146,-1.0,0
2025-04-14 13:11:31,92,33.4070153391749,-111.9485814405127,355.1142172695146,-1.0,0
2025-04-14 13:11:32,93,33.4070153391749,-111.9485814405127,355.1142172695146,-1.0,0
2025-04-14 13:11:33,95,33.4070153391749,-111.9485814405127,355.1142172695146,-1.0,0
2025-04-14 13:11:34,97,33.4070153391749,-111.9485814405127,355.1142172695146,-1.0,0
2025-04-14 13:11:35,98,33.40704881996746,-111.94842218039835,355.2356161675205,-1.0,0
2025-04-14 13:11:36,100,33.40701727656865,-111.94843812393188,355.2354826531162,2.3387545068139484,0
2025-04-14 13:11:37,100,33.40695386746229,-111.94857880970943,355.0142832407728,2.9748374500506083,0
2025-04-14 13:11:38,101,33.40693679903681,-111.94852132453673,354.9505340466276,1.3082292814601086,0
2025-04-14 13:11:39,101,33.406907603848026,-111.94843900095391,355.52028350997716,1.6975137756398788,0
2025-04-14 13:11:40,102,33.406909042165246,-111.94839827126931,354.9386213645339,2.678883937714688,0
2025-04-14 13:11:41,103,33.406846710099806,-111.9484110239054,355.35962462984025,2.3693772948586913,0
2025-04-14 13:11:42,104,33.40672733705867,-111.94840743174778,354.928576300852,3.79056513921327,0
2025-04-14 13:11:43,106,33.40669657311899,-111.94837154658165,354.9896729681641,4.295625313161054,0
2025-04-14 13:11:44,108,33.40665263551461,-111.94831967839923,354.98746320139617,5.187202641954355,0
2025-04-14 13:11:45,110,33.40662792126551,-111.94828899985932,354.7494718497619,4.554801858931287,0
2025-04-14 13:11:46,111,33.40661463180892,-111.9482599473822,354.3994314139709,4.012831292878678,0
2025-04-14 13:11:47,112,33.40659126456754,-111.94822379775923,354.4203699724749,3.972846710973249,0
2025-04-14 13:11:48,113,33.40657795527871,-111.94818386291197,354.3840397177264,4.107848001285391,0
2025-04-14 13:11:49,112,33.40656716734715,-111.94814468234775,354.37597122974694,4.2077665129095365,0
2025-04-14 13:11:50,112,33.40654744372504,-111.94812235493248,354.4888305934146,4.101509955717675,0
2025-04-14 13:11:51,112,33.40651837645311,-111.948097858673,354.5968177402392,4.014355459999056,0
2025-04-14 13:11:52,113,33.40649131699291,-111.94806464274598,354.75619110651314,3.983306938478014,0
2025-04-14 13:11:53,116,33.40647202891531,-111.94802935811109,354.729712145403,3.981711765174928,0
2025-04-14 13:11:54,119,33.40645656170071,-111.94799275983124,354.9328722432256,3.983301080393117,0
2025-04-14 13:11:55,121,33.40643550814312,-111.94794753124866,355.40365435089916,4.054145205155272,0
2025-04-14 13:11:56,121,33.4064209863698,-111.94791025244339,354.81750887352973,4.009234462608328,0
2025-04-14 13:11:57,121,33.40640555714262,-111.94787373954226,354.63415874168277,4.013601553118042,0
2025-04-14 13:11:58,120,33.40640555714262,-111.94787373954226,354.63415874168277,4.013601553118042,0
2025-04-14 13:11:59,119,33.40640555714262,-111.94787373954226,354.63415874168277,4.013601553118042,0
2025-04-14 13:12:00,118,33.40640555714262,-111.94787373954226,354.63415874168277,4.013601553118042,0
2025-04-14 13:12:01,116,33.40640555714262,-111.94787373954226,354.63415874168277,4.013601553118042,0
2025-04-14 13:12:02,114,33.40640555714262,-111.94787373954226,354.63415874168277,4.013601553118042,0
2025-04-14 13:12:03,112,33.40640555714262,-111.94787373954226,354.63415874168277,4.013601553118042,0
2025-04-14 13:12:04,111,33.40640555714262,-111.94787373954226,354.63415874168277,4.013601553118042,0
2025-04-14 13:12:05,110,33.40640555714262,-111.94787373954226,354.63415874168277,4.013601553118042,0
2025-04-14 13:12:06,109,33.40640555714262,-111.94787373954226,354.63415874168277,4.013601553118042,0
2025-04-14 13:12:07,109,33.40640555714262,-111.94787373954226,354.63415874168277,4.013601553118042,0
2025-04-14 13:12:08,109,33.40640555714262,-111.94787373954226,354.63415874168277,4.013601553118042,0
2025-04-14 13:12:09,109,33.40640555714262,-111.94787373954226,354.63415874168277,4.013601553118042,0
2025-04-14 13:12:10,109,33.40640555714262,-111.94787373954226,354.63415874168277,4.013601553118042,0
2025-04-14 13:12:11,109,33.406416030031274,-111.94792436763068,353.28381912231447,-1.0,0
2025-04-14 13:12:12,108,33.406416030031274,-111.94792436763068,353.28381912231447,-1.0,0
2025-04-14 13:12:13,108,33.406416030031274,-111.94792436763068,353.28381912231447,-1.0,0
2025-04-14 13:12:14,107,33.406416030031274,-111.94792436763068,353.28381912231447,-1.0,0
2025-04-14 13:12:15,107,33.406416030031274,-111.94792436763068,353.28381912231447,-1.0,0
2025-04-14 13:12:16,106,33.406416030031274,-111.94792436763068,353.28381912231447,-1.0,0
2025-04-14 13:12:17,105,33.406416030031274,-111.94792436763068,353.28381912231447,-1.0,0
2025-04-14 13:12:18,103,33.406416030031274,-111.94792436763068,353.28381912231447,-1.0,0
2025-04-14 13:12:19,102,33.40617401044251,-111.94784095514352,354.0711896484718,0.0,0
2025-04-14 13:12:20,101,33.40617401044251,-111.94784095514352,354.0711896484718,0.0,0
2025-04-14 13:12:21,100,33.406530090125806,-111.94802053926587,354.43624350242317,0.0,0
2025-04-14 13:12:22,99,33.406529016827086,-111.94802010698855,354.484884776175,0.0769540570001396,0
2025-04-14 13:12:23,98,33.40652817415038,-111.94802004005906,354.47640944458544,0.07985057588455714,0
2025-04-14 13:12:24,97,33.406527047039376,-111.94801928421047,354.4899933030829,0.1326904008937534,0
2025-04-14 13:12:25,96,33.406527047039376,-111.94801928421047,354.4899933030829,0.1326904008937534,0
2025-04-14 13:12:26,95,33.406520860199805,-111.94802361948693,354.5182245951146,0.21857887339872373,0
2025-04-14 13:12:27,95,33.40652434032855,-111.94803335738554,354.4747635005042,0.26737885369104514,0
2025-04-14 13:12:28,96,33.40652600538879,-111.9480335329348,354.78183927573264,0.34621321175428077,0
2025-04-14 13:12:29,97,33.40651924951213,-111.94802150891799,354.53804635442793,0.3907828693827161,0
2025-04-14 13:12:30,98,33.406503922211094,-111.94801473940169,354.4919691924006,0.40283385845475256,0
2025-04-14 13:12:31,101,33.40649820906309,-111.94800751929706,354.48586522974074,0.4302097981757735,0
2025-04-14 13:12:32,103,33.406500782520446,-111.9480107559699,354.47632145509124,0.0,0
2025-04-14 13:12:33,104,33.406519756659165,-111.9480234522432,354.62323055788875,0.16059470676926538,0
2025-04-14 13:12:34,105,33.406520003117286,-111.94802132257244,354.80977969802916,0.2692905740258375,0
2025-04-14 13:12:35,104,33.40651480546308,-111.94800949781086,354.72125665005296,0.5148664219529188,0
2025-04-14 13:12:36,104,33.406510082007976,-111.94807109169035,354.6882462510839,0.9360759919268953,0
2025-04-14 13:12:37,104,33.40650158303371,-111.94806709603424,354.67850359063596,1.0873799555341832,0
2025-04-14 13:12:38,104,33.4064936049862,-111.94806461560543,354.6151735642925,1.211519705759155,0
2025-04-14 13:12:39,104,33.40648535625024,-111.94806414409699,354.62836845591664,1.3062054031580428,0
2025-04-14 13:12:40,105,33.40646934964137,-111.94805802192312,354.5805763108656,1.2719426051234899,0
2025-04-14 13:12:41,106,33.40646016547157,-111.94805610127833,354.5515124099329,1.2902869725938741,0
2025-04-14 13:12:42,106,33.40646217766488,-111.94805833741297,354.6379229631275,0.0,0
2025-04-14 13:12:43,106,33.40646217766488,-111.94805833741297,354.6379229631275,0.0,0
2025-04-14 13:12:44,106,33.40646217766488,-111.94805833741297,354.6379229631275,0.0,0
2025-04-14 13:12:45,105,33.40646217766488,-111.94805833741297,354.6379229631275,0.0,0
2025-04-14 13:12:46,104,33.40646217766488,-111.94805833741297,354.6379229631275,0.0,0
2025-04-14 13:12:47,104,33.40646217766488,-111.94805833741297,354.6379229631275,0.0,0
2025-04-14 13:12:48,103,33.40646217766488,-111.94805833741297,354.6379229631275,0.0,0
2025-04-14 13:12:49,102,33.40646217766488,-111.94805833741297,354.6379229631275,0.0,0
2025-04-14 13:12:50,101,33.40646217766488,-111.94805833741297,354.6379229631275,0.0,0
2025-04-14 13:12:51,100,33.40646217766488,-111.94805833741297,354.6379229631275,0.0,0
2025-04-14 13:12:52,99,33.40646217766488,-111.94805833741297,354.6379229631275,0.0,0
